0,False,cybersecurity_intrusion_data_test2.csv
1,False,cybersecurity_intrusion_data_test2.csv
2,True,cybersecurity_intrusion_data_test2.csv
3,False,cybersecurity_intrusion_data_test2.csv
4,False,cybersecurity_intrusion_data_test2.csv
5,False,cybersecurity_intrusion_data_test2.csv
6,False,cybersecurity_intrusion_data_test2.csv
7,True,cybersecurity_intrusion_data_test2.csv
8,False,cybersecurity_intrusion_data_test2.csv
9,False,cybersecurity_intrusion_data_test2.csv
10,True,cybersecurity_intrusion_data_test2.csv
11,True,cybersecurity_intrusion_data_test2.csv
12,True,cybersecurity_intrusion_data_test2.csv
13,False,cybersecurity_intrusion_data_test2.csv
14,True,cybersecurity_intrusion_data_test2.csv
15,False,cybersecurity_intrusion_data_test2.csv
16,False,cybersecurity_intrusion_data_test2.csv
17,True,cybersecurity_intrusion_data_test2.csv
18,True,cybersecurity_intrusion_data_test2.csv
19,True,cybersecurity_intrusion_data_test2.csv
20,True,cybersecurity_intrusion_data_test2.csv
21,False,cybersecurity_intrusion_data_test2.csv
22,False,cybersecurity_intrusion_data_test2.csv
23,False,cybersecurity_intrusion_data_test2.csv
24,True,cybersecurity_intrusion_data_test2.csv
25,False,cybersecurity_intrusion_data_test2.csv
26,True,cybersecurity_intrusion_data_test2.csv
27,False,cybersecurity_intrusion_data_test2.csv
28,True,cybersecurity_intrusion_data_test2.csv
29,False,cybersecurity_intrusion_data_test2.csv
30,True,cybersecurity_intrusion_data_test2.csv
31,True,cybersecurity_intrusion_data_test2.csv
32,False,cybersecurity_intrusion_data_test2.csv
33,True,cybersecurity_intrusion_data_test2.csv
34,False,cybersecurity_intrusion_data_test2.csv
35,False,cybersecurity_intrusion_data_test2.csv
36,False,cybersecurity_intrusion_data_test2.csv
37,False,cybersecurity_intrusion_data_test2.csv
38,False,cybersecurity_intrusion_data_test2.csv
39,True,cybersecurity_intrusion_data_test2.csv
40,False,cybersecurity_intrusion_data_test2.csv
41,True,cybersecurity_intrusion_data_test2.csv
42,False,cybersecurity_intrusion_data_test2.csv
43,False,cybersecurity_intrusion_data_test2.csv
44,False,cybersecurity_intrusion_data_test2.csv
45,True,cybersecurity_intrusion_data_test2.csv
46,True,cybersecurity_intrusion_data_test2.csv
47,True,cybersecurity_intrusion_data_test2.csv
48,True,cybersecurity_intrusion_data_test2.csv
49,False,cybersecurity_intrusion_data_test2.csv
50,True,cybersecurity_intrusion_data_test2.csv
51,False,cybersecurity_intrusion_data_test2.csv
52,True,cybersecurity_intrusion_data_test2.csv
53,False,cybersecurity_intrusion_data_test2.csv
54,False,cybersecurity_intrusion_data_test2.csv
55,True,cybersecurity_intrusion_data_test2.csv
56,False,cybersecurity_intrusion_data_test2.csv
57,True,cybersecurity_intrusion_data_test2.csv
58,True,cybersecurity_intrusion_data_test2.csv
59,False,cybersecurity_intrusion_data_test2.csv
60,False,cybersecurity_intrusion_data_test2.csv
61,False,cybersecurity_intrusion_data_test2.csv
62,False,cybersecurity_intrusion_data_test2.csv
63,False,cybersecurity_intrusion_data_test2.csv
64,True,cybersecurity_intrusion_data_test2.csv
65,False,cybersecurity_intrusion_data_test2.csv
66,True,cybersecurity_intrusion_data_test2.csv
67,False,cybersecurity_intrusion_data_test2.csv
68,False,cybersecurity_intrusion_data_test2.csv
69,True,cybersecurity_intrusion_data_test2.csv
70,False,cybersecurity_intrusion_data_test2.csv
71,True,cybersecurity_intrusion_data_test2.csv
72,False,cybersecurity_intrusion_data_test2.csv
73,False,cybersecurity_intrusion_data_test2.csv
74,False,cybersecurity_intrusion_data_test2.csv
75,True,cybersecurity_intrusion_data_test2.csv
76,False,cybersecurity_intrusion_data_test2.csv
77,False,cybersecurity_intrusion_data_test2.csv
78,False,cybersecurity_intrusion_data_test2.csv
79,False,cybersecurity_intrusion_data_test2.csv
80,False,cybersecurity_intrusion_data_test2.csv
81,True,cybersecurity_intrusion_data_test2.csv
82,False,cybersecurity_intrusion_data_test2.csv
83,False,cybersecurity_intrusion_data_test2.csv
84,True,cybersecurity_intrusion_data_test2.csv
85,False,cybersecurity_intrusion_data_test2.csv
86,True,cybersecurity_intrusion_data_test2.csv
87,False,cybersecurity_intrusion_data_test2.csv
88,True,cybersecurity_intrusion_data_test2.csv
89,True,cybersecurity_intrusion_data_test2.csv
90,False,cybersecurity_intrusion_data_test2.csv
91,True,cybersecurity_intrusion_data_test2.csv
92,True,cybersecurity_intrusion_data_test2.csv
93,True,cybersecurity_intrusion_data_test2.csv
94,False,cybersecurity_intrusion_data_test2.csv
95,False,cybersecurity_intrusion_data_test2.csv
96,False,cybersecurity_intrusion_data_test2.csv
97,False,cybersecurity_intrusion_data_test2.csv
98,False,cybersecurity_intrusion_data_test2.csv
99,True,cybersecurity_intrusion_data_test2.csv
100,True,cybersecurity_intrusion_data_test2.csv
101,False,cybersecurity_intrusion_data_test2.csv
102,False,cybersecurity_intrusion_data_test2.csv
103,False,cybersecurity_intrusion_data_test2.csv
104,False,cybersecurity_intrusion_data_test2.csv
105,True,cybersecurity_intrusion_data_test2.csv
106,False,cybersecurity_intrusion_data_test2.csv
107,True,cybersecurity_intrusion_data_test2.csv
108,True,cybersecurity_intrusion_data_test2.csv
109,False,cybersecurity_intrusion_data_test2.csv
110,False,cybersecurity_intrusion_data_test2.csv
111,False,cybersecurity_intrusion_data_test2.csv
112,True,cybersecurity_intrusion_data_test2.csv
113,False,cybersecurity_intrusion_data_test2.csv
114,False,cybersecurity_intrusion_data_test2.csv
115,False,cybersecurity_intrusion_data_test2.csv
116,False,cybersecurity_intrusion_data_test2.csv
117,False,cybersecurity_intrusion_data_test2.csv
118,True,cybersecurity_intrusion_data_test2.csv
119,False,cybersecurity_intrusion_data_test2.csv
120,False,cybersecurity_intrusion_data_test2.csv
121,True,cybersecurity_intrusion_data_test2.csv
122,False,cybersecurity_intrusion_data_test2.csv
123,True,cybersecurity_intrusion_data_test2.csv
124,True,cybersecurity_intrusion_data_test2.csv
125,True,cybersecurity_intrusion_data_test2.csv
126,True,cybersecurity_intrusion_data_test2.csv
127,False,cybersecurity_intrusion_data_test2.csv
128,True,cybersecurity_intrusion_data_test2.csv
129,False,cybersecurity_intrusion_data_test2.csv
130,False,cybersecurity_intrusion_data_test2.csv
131,False,cybersecurity_intrusion_data_test2.csv
132,False,cybersecurity_intrusion_data_test2.csv
133,True,cybersecurity_intrusion_data_test2.csv
134,False,cybersecurity_intrusion_data_test2.csv
135,True,cybersecurity_intrusion_data_test2.csv
136,False,cybersecurity_intrusion_data_test2.csv
137,True,cybersecurity_intrusion_data_test2.csv
138,True,cybersecurity_intrusion_data_test2.csv
139,False,cybersecurity_intrusion_data_test2.csv
140,False,cybersecurity_intrusion_data_test2.csv
141,True,cybersecurity_intrusion_data_test2.csv
142,True,cybersecurity_intrusion_data_test2.csv
143,False,cybersecurity_intrusion_data_test2.csv
144,True,cybersecurity_intrusion_data_test2.csv
145,False,cybersecurity_intrusion_data_test2.csv
146,False,cybersecurity_intrusion_data_test2.csv
147,False,cybersecurity_intrusion_data_test2.csv
148,True,cybersecurity_intrusion_data_test2.csv
149,True,cybersecurity_intrusion_data_test2.csv
150,False,cybersecurity_intrusion_data_test2.csv
151,False,cybersecurity_intrusion_data_test2.csv
152,False,cybersecurity_intrusion_data_test2.csv
153,False,cybersecurity_intrusion_data_test2.csv
154,False,cybersecurity_intrusion_data_test2.csv
155,False,cybersecurity_intrusion_data_test2.csv
156,False,cybersecurity_intrusion_data_test2.csv
157,False,cybersecurity_intrusion_data_test2.csv
158,False,cybersecurity_intrusion_data_test2.csv
159,True,cybersecurity_intrusion_data_test2.csv
160,True,cybersecurity_intrusion_data_test2.csv
161,True,cybersecurity_intrusion_data_test2.csv
162,False,cybersecurity_intrusion_data_test2.csv
163,True,cybersecurity_intrusion_data_test2.csv
164,False,cybersecurity_intrusion_data_test2.csv
165,True,cybersecurity_intrusion_data_test2.csv
166,True,cybersecurity_intrusion_data_test2.csv
167,False,cybersecurity_intrusion_data_test2.csv
168,True,cybersecurity_intrusion_data_test2.csv
169,False,cybersecurity_intrusion_data_test2.csv
170,False,cybersecurity_intrusion_data_test2.csv
171,False,cybersecurity_intrusion_data_test2.csv
172,False,cybersecurity_intrusion_data_test2.csv
173,False,cybersecurity_intrusion_data_test2.csv
174,True,cybersecurity_intrusion_data_test2.csv
175,False,cybersecurity_intrusion_data_test2.csv
176,False,cybersecurity_intrusion_data_test2.csv
177,False,cybersecurity_intrusion_data_test2.csv
178,False,cybersecurity_intrusion_data_test2.csv
179,True,cybersecurity_intrusion_data_test2.csv
180,False,cybersecurity_intrusion_data_test2.csv
181,False,cybersecurity_intrusion_data_test2.csv
182,False,cybersecurity_intrusion_data_test2.csv
183,True,cybersecurity_intrusion_data_test2.csv
184,False,cybersecurity_intrusion_data_test2.csv
185,False,cybersecurity_intrusion_data_test2.csv
186,False,cybersecurity_intrusion_data_test2.csv
187,False,cybersecurity_intrusion_data_test2.csv
188,False,cybersecurity_intrusion_data_test2.csv
189,True,cybersecurity_intrusion_data_test2.csv
190,False,cybersecurity_intrusion_data_test2.csv
191,False,cybersecurity_intrusion_data_test2.csv
192,False,cybersecurity_intrusion_data_test2.csv
193,False,cybersecurity_intrusion_data_test2.csv
194,False,cybersecurity_intrusion_data_test2.csv
195,False,cybersecurity_intrusion_data_test2.csv
196,False,cybersecurity_intrusion_data_test2.csv
197,False,cybersecurity_intrusion_data_test2.csv
198,True,cybersecurity_intrusion_data_test2.csv
199,True,cybersecurity_intrusion_data_test2.csv
200,False,cybersecurity_intrusion_data_test2.csv
201,True,cybersecurity_intrusion_data_test2.csv
202,False,cybersecurity_intrusion_data_test2.csv
203,True,cybersecurity_intrusion_data_test2.csv
204,True,cybersecurity_intrusion_data_test2.csv
205,True,cybersecurity_intrusion_data_test2.csv
206,False,cybersecurity_intrusion_data_test2.csv
207,False,cybersecurity_intrusion_data_test2.csv
208,False,cybersecurity_intrusion_data_test2.csv
209,False,cybersecurity_intrusion_data_test2.csv
210,False,cybersecurity_intrusion_data_test2.csv
211,True,cybersecurity_intrusion_data_test2.csv
212,True,cybersecurity_intrusion_data_test2.csv
213,False,cybersecurity_intrusion_data_test2.csv
214,False,cybersecurity_intrusion_data_test2.csv
215,False,cybersecurity_intrusion_data_test2.csv
216,False,cybersecurity_intrusion_data_test2.csv
217,True,cybersecurity_intrusion_data_test2.csv
218,True,cybersecurity_intrusion_data_test2.csv
219,False,cybersecurity_intrusion_data_test2.csv
220,False,cybersecurity_intrusion_data_test2.csv
221,True,cybersecurity_intrusion_data_test2.csv
222,False,cybersecurity_intrusion_data_test2.csv
223,True,cybersecurity_intrusion_data_test2.csv
224,False,cybersecurity_intrusion_data_test2.csv
225,False,cybersecurity_intrusion_data_test2.csv
226,False,cybersecurity_intrusion_data_test2.csv
227,False,cybersecurity_intrusion_data_test2.csv
228,False,cybersecurity_intrusion_data_test2.csv
229,False,cybersecurity_intrusion_data_test2.csv
230,False,cybersecurity_intrusion_data_test2.csv
231,True,cybersecurity_intrusion_data_test2.csv
232,True,cybersecurity_intrusion_data_test2.csv
233,False,cybersecurity_intrusion_data_test2.csv
234,False,cybersecurity_intrusion_data_test2.csv
235,False,cybersecurity_intrusion_data_test2.csv
236,False,cybersecurity_intrusion_data_test2.csv
237,False,cybersecurity_intrusion_data_test2.csv
238,False,cybersecurity_intrusion_data_test2.csv
239,False,cybersecurity_intrusion_data_test2.csv
240,False,cybersecurity_intrusion_data_test2.csv
241,False,cybersecurity_intrusion_data_test2.csv
242,False,cybersecurity_intrusion_data_test2.csv
243,False,cybersecurity_intrusion_data_test2.csv
244,False,cybersecurity_intrusion_data_test2.csv
245,False,cybersecurity_intrusion_data_test2.csv
246,True,cybersecurity_intrusion_data_test2.csv
247,False,cybersecurity_intrusion_data_test2.csv
248,False,cybersecurity_intrusion_data_test2.csv
249,False,cybersecurity_intrusion_data_test2.csv
250,False,cybersecurity_intrusion_data_test2.csv
251,True,cybersecurity_intrusion_data_test2.csv
252,False,cybersecurity_intrusion_data_test2.csv
253,False,cybersecurity_intrusion_data_test2.csv
254,True,cybersecurity_intrusion_data_test2.csv
255,False,cybersecurity_intrusion_data_test2.csv
256,False,cybersecurity_intrusion_data_test2.csv
257,False,cybersecurity_intrusion_data_test2.csv
258,False,cybersecurity_intrusion_data_test2.csv
259,True,cybersecurity_intrusion_data_test2.csv
260,False,cybersecurity_intrusion_data_test2.csv
261,False,cybersecurity_intrusion_data_test2.csv
262,False,cybersecurity_intrusion_data_test2.csv
263,False,cybersecurity_intrusion_data_test2.csv
264,False,cybersecurity_intrusion_data_test2.csv
265,False,cybersecurity_intrusion_data_test2.csv
266,True,cybersecurity_intrusion_data_test2.csv
267,False,cybersecurity_intrusion_data_test2.csv
268,True,cybersecurity_intrusion_data_test2.csv
269,True,cybersecurity_intrusion_data_test2.csv
270,True,cybersecurity_intrusion_data_test2.csv
271,True,cybersecurity_intrusion_data_test2.csv
272,False,cybersecurity_intrusion_data_test2.csv
273,True,cybersecurity_intrusion_data_test2.csv
274,False,cybersecurity_intrusion_data_test2.csv
275,True,cybersecurity_intrusion_data_test2.csv
276,True,cybersecurity_intrusion_data_test2.csv
277,False,cybersecurity_intrusion_data_test2.csv
278,False,cybersecurity_intrusion_data_test2.csv
279,True,cybersecurity_intrusion_data_test2.csv
280,True,cybersecurity_intrusion_data_test2.csv
281,True,cybersecurity_intrusion_data_test2.csv
282,False,cybersecurity_intrusion_data_test2.csv
283,True,cybersecurity_intrusion_data_test2.csv
284,False,cybersecurity_intrusion_data_test2.csv
285,True,cybersecurity_intrusion_data_test2.csv
286,True,cybersecurity_intrusion_data_test2.csv
287,False,cybersecurity_intrusion_data_test2.csv
288,True,cybersecurity_intrusion_data_test2.csv
289,True,cybersecurity_intrusion_data_test2.csv
290,False,cybersecurity_intrusion_data_test2.csv
291,False,cybersecurity_intrusion_data_test2.csv
292,False,cybersecurity_intrusion_data_test2.csv
293,False,cybersecurity_intrusion_data_test2.csv
294,False,cybersecurity_intrusion_data_test2.csv
295,False,cybersecurity_intrusion_data_test2.csv
296,False,cybersecurity_intrusion_data_test2.csv
297,True,cybersecurity_intrusion_data_test2.csv
298,False,cybersecurity_intrusion_data_test2.csv
299,True,cybersecurity_intrusion_data_test2.csv
300,False,cybersecurity_intrusion_data_test2.csv
301,True,cybersecurity_intrusion_data_test2.csv
302,False,cybersecurity_intrusion_data_test2.csv
303,True,cybersecurity_intrusion_data_test2.csv
304,True,cybersecurity_intrusion_data_test2.csv
305,True,cybersecurity_intrusion_data_test2.csv
306,False,cybersecurity_intrusion_data_test2.csv
307,False,cybersecurity_intrusion_data_test2.csv
308,False,cybersecurity_intrusion_data_test2.csv
309,False,cybersecurity_intrusion_data_test2.csv
310,True,cybersecurity_intrusion_data_test2.csv
311,True,cybersecurity_intrusion_data_test2.csv
312,True,cybersecurity_intrusion_data_test2.csv
313,False,cybersecurity_intrusion_data_test2.csv
314,True,cybersecurity_intrusion_data_test2.csv
315,False,cybersecurity_intrusion_data_test2.csv
316,False,cybersecurity_intrusion_data_test2.csv
317,False,cybersecurity_intrusion_data_test2.csv
318,False,cybersecurity_intrusion_data_test2.csv
319,False,cybersecurity_intrusion_data_test2.csv
320,False,cybersecurity_intrusion_data_test2.csv
321,True,cybersecurity_intrusion_data_test2.csv
322,False,cybersecurity_intrusion_data_test2.csv
323,False,cybersecurity_intrusion_data_test2.csv
324,False,cybersecurity_intrusion_data_test2.csv
325,False,cybersecurity_intrusion_data_test2.csv
326,False,cybersecurity_intrusion_data_test2.csv
327,False,cybersecurity_intrusion_data_test2.csv
328,False,cybersecurity_intrusion_data_test2.csv
329,True,cybersecurity_intrusion_data_test2.csv
330,True,cybersecurity_intrusion_data_test2.csv
331,False,cybersecurity_intrusion_data_test2.csv
332,False,cybersecurity_intrusion_data_test2.csv
333,False,cybersecurity_intrusion_data_test2.csv
334,False,cybersecurity_intrusion_data_test2.csv
335,False,cybersecurity_intrusion_data_test2.csv
336,False,cybersecurity_intrusion_data_test2.csv
337,True,cybersecurity_intrusion_data_test2.csv
338,True,cybersecurity_intrusion_data_test2.csv
339,True,cybersecurity_intrusion_data_test2.csv
340,True,cybersecurity_intrusion_data_test2.csv
341,True,cybersecurity_intrusion_data_test2.csv
342,True,cybersecurity_intrusion_data_test2.csv
343,True,cybersecurity_intrusion_data_test2.csv
344,False,cybersecurity_intrusion_data_test2.csv
345,True,cybersecurity_intrusion_data_test2.csv
346,False,cybersecurity_intrusion_data_test2.csv
347,False,cybersecurity_intrusion_data_test2.csv
348,False,cybersecurity_intrusion_data_test2.csv
349,True,cybersecurity_intrusion_data_test2.csv
350,False,cybersecurity_intrusion_data_test2.csv
351,False,cybersecurity_intrusion_data_test2.csv
352,False,cybersecurity_intrusion_data_test2.csv
353,True,cybersecurity_intrusion_data_test2.csv
354,False,cybersecurity_intrusion_data_test2.csv
355,True,cybersecurity_intrusion_data_test2.csv
356,False,cybersecurity_intrusion_data_test2.csv
357,False,cybersecurity_intrusion_data_test2.csv
358,True,cybersecurity_intrusion_data_test2.csv
359,False,cybersecurity_intrusion_data_test2.csv
360,False,cybersecurity_intrusion_data_test2.csv
361,False,cybersecurity_intrusion_data_test2.csv
362,False,cybersecurity_intrusion_data_test2.csv
363,False,cybersecurity_intrusion_data_test2.csv
364,False,cybersecurity_intrusion_data_test2.csv
365,False,cybersecurity_intrusion_data_test2.csv
366,False,cybersecurity_intrusion_data_test2.csv
367,True,cybersecurity_intrusion_data_test2.csv
368,False,cybersecurity_intrusion_data_test2.csv
369,False,cybersecurity_intrusion_data_test2.csv
370,False,cybersecurity_intrusion_data_test2.csv
371,True,cybersecurity_intrusion_data_test2.csv
372,False,cybersecurity_intrusion_data_test2.csv
373,False,cybersecurity_intrusion_data_test2.csv
374,True,cybersecurity_intrusion_data_test2.csv
375,False,cybersecurity_intrusion_data_test2.csv
376,True,cybersecurity_intrusion_data_test2.csv
377,False,cybersecurity_intrusion_data_test2.csv
378,False,cybersecurity_intrusion_data_test2.csv
379,False,cybersecurity_intrusion_data_test2.csv
380,True,cybersecurity_intrusion_data_test2.csv
381,False,cybersecurity_intrusion_data_test2.csv
382,True,cybersecurity_intrusion_data_test2.csv
383,True,cybersecurity_intrusion_data_test2.csv
384,False,cybersecurity_intrusion_data_test2.csv
385,False,cybersecurity_intrusion_data_test2.csv
386,True,cybersecurity_intrusion_data_test2.csv
387,False,cybersecurity_intrusion_data_test2.csv
388,False,cybersecurity_intrusion_data_test2.csv
389,False,cybersecurity_intrusion_data_test2.csv
390,False,cybersecurity_intrusion_data_test2.csv
391,False,cybersecurity_intrusion_data_test2.csv
392,False,cybersecurity_intrusion_data_test2.csv
393,False,cybersecurity_intrusion_data_test2.csv
394,True,cybersecurity_intrusion_data_test2.csv
395,False,cybersecurity_intrusion_data_test2.csv
396,True,cybersecurity_intrusion_data_test2.csv
397,False,cybersecurity_intrusion_data_test2.csv
398,False,cybersecurity_intrusion_data_test2.csv
399,False,cybersecurity_intrusion_data_test2.csv
400,False,cybersecurity_intrusion_data_test2.csv
401,False,cybersecurity_intrusion_data_test2.csv
402,False,cybersecurity_intrusion_data_test2.csv
403,False,cybersecurity_intrusion_data_test2.csv
404,False,cybersecurity_intrusion_data_test2.csv
405,True,cybersecurity_intrusion_data_test2.csv
406,False,cybersecurity_intrusion_data_test2.csv
407,True,cybersecurity_intrusion_data_test2.csv
408,False,cybersecurity_intrusion_data_test2.csv
409,False,cybersecurity_intrusion_data_test2.csv
410,True,cybersecurity_intrusion_data_test2.csv
411,True,cybersecurity_intrusion_data_test2.csv
412,False,cybersecurity_intrusion_data_test2.csv
413,False,cybersecurity_intrusion_data_test2.csv
414,False,cybersecurity_intrusion_data_test2.csv
415,True,cybersecurity_intrusion_data_test2.csv
416,False,cybersecurity_intrusion_data_test2.csv
417,False,cybersecurity_intrusion_data_test2.csv
418,False,cybersecurity_intrusion_data_test2.csv
419,True,cybersecurity_intrusion_data_test2.csv
420,True,cybersecurity_intrusion_data_test2.csv
421,False,cybersecurity_intrusion_data_test2.csv
422,False,cybersecurity_intrusion_data_test2.csv
423,False,cybersecurity_intrusion_data_test2.csv
424,False,cybersecurity_intrusion_data_test2.csv
425,False,cybersecurity_intrusion_data_test2.csv
426,False,cybersecurity_intrusion_data_test2.csv
427,False,cybersecurity_intrusion_data_test2.csv
428,False,cybersecurity_intrusion_data_test2.csv
429,False,cybersecurity_intrusion_data_test2.csv
430,True,cybersecurity_intrusion_data_test2.csv
431,True,cybersecurity_intrusion_data_test2.csv
432,False,cybersecurity_intrusion_data_test2.csv
433,False,cybersecurity_intrusion_data_test2.csv
434,True,cybersecurity_intrusion_data_test2.csv
435,True,cybersecurity_intrusion_data_test2.csv
436,True,cybersecurity_intrusion_data_test2.csv
437,False,cybersecurity_intrusion_data_test2.csv
438,True,cybersecurity_intrusion_data_test2.csv
439,False,cybersecurity_intrusion_data_test2.csv
440,False,cybersecurity_intrusion_data_test2.csv
441,False,cybersecurity_intrusion_data_test2.csv
442,False,cybersecurity_intrusion_data_test2.csv
443,False,cybersecurity_intrusion_data_test2.csv
444,True,cybersecurity_intrusion_data_test2.csv
445,False,cybersecurity_intrusion_data_test2.csv
446,False,cybersecurity_intrusion_data_test2.csv
447,True,cybersecurity_intrusion_data_test2.csv
448,True,cybersecurity_intrusion_data_test2.csv
449,True,cybersecurity_intrusion_data_test2.csv
450,False,cybersecurity_intrusion_data_test2.csv
451,True,cybersecurity_intrusion_data_test2.csv
452,True,cybersecurity_intrusion_data_test2.csv
453,True,cybersecurity_intrusion_data_test2.csv
454,True,cybersecurity_intrusion_data_test2.csv
455,False,cybersecurity_intrusion_data_test2.csv
456,False,cybersecurity_intrusion_data_test2.csv
457,False,cybersecurity_intrusion_data_test2.csv
458,False,cybersecurity_intrusion_data_test2.csv
459,False,cybersecurity_intrusion_data_test2.csv
460,False,cybersecurity_intrusion_data_test2.csv
461,False,cybersecurity_intrusion_data_test2.csv
462,True,cybersecurity_intrusion_data_test2.csv
463,False,cybersecurity_intrusion_data_test2.csv
464,False,cybersecurity_intrusion_data_test2.csv
465,False,cybersecurity_intrusion_data_test2.csv
466,True,cybersecurity_intrusion_data_test2.csv
467,True,cybersecurity_intrusion_data_test2.csv
468,True,cybersecurity_intrusion_data_test2.csv
469,True,cybersecurity_intrusion_data_test2.csv
470,False,cybersecurity_intrusion_data_test2.csv
471,False,cybersecurity_intrusion_data_test2.csv
472,False,cybersecurity_intrusion_data_test2.csv
473,True,cybersecurity_intrusion_data_test2.csv
474,False,cybersecurity_intrusion_data_test2.csv
475,True,cybersecurity_intrusion_data_test2.csv
476,False,cybersecurity_intrusion_data_test2.csv
477,False,cybersecurity_intrusion_data_test2.csv
478,False,cybersecurity_intrusion_data_test2.csv
479,False,cybersecurity_intrusion_data_test2.csv
480,False,cybersecurity_intrusion_data_test2.csv
481,True,cybersecurity_intrusion_data_test2.csv
482,True,cybersecurity_intrusion_data_test2.csv
483,False,cybersecurity_intrusion_data_test2.csv
484,False,cybersecurity_intrusion_data_test2.csv
485,True,cybersecurity_intrusion_data_test2.csv
486,True,cybersecurity_intrusion_data_test2.csv
487,True,cybersecurity_intrusion_data_test2.csv
488,False,cybersecurity_intrusion_data_test2.csv
489,False,cybersecurity_intrusion_data_test2.csv
490,False,cybersecurity_intrusion_data_test2.csv
491,False,cybersecurity_intrusion_data_test2.csv
492,False,cybersecurity_intrusion_data_test2.csv
493,False,cybersecurity_intrusion_data_test2.csv
494,False,cybersecurity_intrusion_data_test2.csv
495,False,cybersecurity_intrusion_data_test2.csv
496,False,cybersecurity_intrusion_data_test2.csv
497,False,cybersecurity_intrusion_data_test2.csv
498,False,cybersecurity_intrusion_data_test2.csv
499,True,cybersecurity_intrusion_data_test2.csv
500,False,cybersecurity_intrusion_data_test2.csv
501,False,cybersecurity_intrusion_data_test2.csv
502,False,cybersecurity_intrusion_data_test2.csv
503,False,cybersecurity_intrusion_data_test2.csv
504,False,cybersecurity_intrusion_data_test2.csv
505,False,cybersecurity_intrusion_data_test2.csv
506,False,cybersecurity_intrusion_data_test2.csv
507,True,cybersecurity_intrusion_data_test2.csv
508,False,cybersecurity_intrusion_data_test2.csv
509,True,cybersecurity_intrusion_data_test2.csv
510,True,cybersecurity_intrusion_data_test2.csv
511,True,cybersecurity_intrusion_data_test2.csv
512,False,cybersecurity_intrusion_data_test2.csv
513,True,cybersecurity_intrusion_data_test2.csv
514,True,cybersecurity_intrusion_data_test2.csv
515,False,cybersecurity_intrusion_data_test2.csv
516,True,cybersecurity_intrusion_data_test2.csv
517,True,cybersecurity_intrusion_data_test2.csv
518,False,cybersecurity_intrusion_data_test2.csv
519,False,cybersecurity_intrusion_data_test2.csv
520,True,cybersecurity_intrusion_data_test2.csv
521,False,cybersecurity_intrusion_data_test2.csv
522,True,cybersecurity_intrusion_data_test2.csv
523,True,cybersecurity_intrusion_data_test2.csv
524,False,cybersecurity_intrusion_data_test2.csv
525,True,cybersecurity_intrusion_data_test2.csv
526,False,cybersecurity_intrusion_data_test2.csv
527,False,cybersecurity_intrusion_data_test2.csv
528,False,cybersecurity_intrusion_data_test2.csv
529,False,cybersecurity_intrusion_data_test2.csv
530,False,cybersecurity_intrusion_data_test2.csv
531,True,cybersecurity_intrusion_data_test2.csv
532,True,cybersecurity_intrusion_data_test2.csv
533,True,cybersecurity_intrusion_data_test2.csv
534,False,cybersecurity_intrusion_data_test2.csv
535,False,cybersecurity_intrusion_data_test2.csv
536,False,cybersecurity_intrusion_data_test2.csv
537,True,cybersecurity_intrusion_data_test2.csv
538,False,cybersecurity_intrusion_data_test2.csv
539,False,cybersecurity_intrusion_data_test2.csv
540,False,cybersecurity_intrusion_data_test2.csv
541,False,cybersecurity_intrusion_data_test2.csv
542,False,cybersecurity_intrusion_data_test2.csv
543,False,cybersecurity_intrusion_data_test2.csv
544,False,cybersecurity_intrusion_data_test2.csv
545,False,cybersecurity_intrusion_data_test2.csv
546,True,cybersecurity_intrusion_data_test2.csv
547,False,cybersecurity_intrusion_data_test2.csv
548,False,cybersecurity_intrusion_data_test2.csv
549,True,cybersecurity_intrusion_data_test2.csv
550,False,cybersecurity_intrusion_data_test2.csv
551,True,cybersecurity_intrusion_data_test2.csv
552,False,cybersecurity_intrusion_data_test2.csv
553,False,cybersecurity_intrusion_data_test2.csv
554,False,cybersecurity_intrusion_data_test2.csv
555,False,cybersecurity_intrusion_data_test2.csv
556,False,cybersecurity_intrusion_data_test2.csv
557,False,cybersecurity_intrusion_data_test2.csv
558,False,cybersecurity_intrusion_data_test2.csv
559,False,cybersecurity_intrusion_data_test2.csv
560,False,cybersecurity_intrusion_data_test2.csv
561,False,cybersecurity_intrusion_data_test2.csv
562,True,cybersecurity_intrusion_data_test2.csv
563,False,cybersecurity_intrusion_data_test2.csv
564,True,cybersecurity_intrusion_data_test2.csv
565,False,cybersecurity_intrusion_data_test2.csv
566,True,cybersecurity_intrusion_data_test2.csv
567,True,cybersecurity_intrusion_data_test2.csv
568,False,cybersecurity_intrusion_data_test2.csv
569,False,cybersecurity_intrusion_data_test2.csv
570,False,cybersecurity_intrusion_data_test2.csv
571,False,cybersecurity_intrusion_data_test2.csv
572,True,cybersecurity_intrusion_data_test2.csv
573,False,cybersecurity_intrusion_data_test2.csv
574,False,cybersecurity_intrusion_data_test2.csv
575,True,cybersecurity_intrusion_data_test2.csv
576,True,cybersecurity_intrusion_data_test2.csv
577,True,cybersecurity_intrusion_data_test2.csv
578,False,cybersecurity_intrusion_data_test2.csv
579,True,cybersecurity_intrusion_data_test2.csv
580,False,cybersecurity_intrusion_data_test2.csv
581,True,cybersecurity_intrusion_data_test2.csv
582,True,cybersecurity_intrusion_data_test2.csv
583,True,cybersecurity_intrusion_data_test2.csv
584,False,cybersecurity_intrusion_data_test2.csv
585,False,cybersecurity_intrusion_data_test2.csv
586,False,cybersecurity_intrusion_data_test2.csv
587,False,cybersecurity_intrusion_data_test2.csv
588,True,cybersecurity_intrusion_data_test2.csv
589,False,cybersecurity_intrusion_data_test2.csv
590,False,cybersecurity_intrusion_data_test2.csv
591,False,cybersecurity_intrusion_data_test2.csv
592,False,cybersecurity_intrusion_data_test2.csv
593,True,cybersecurity_intrusion_data_test2.csv
594,False,cybersecurity_intrusion_data_test2.csv
595,False,cybersecurity_intrusion_data_test2.csv
596,False,cybersecurity_intrusion_data_test2.csv
597,False,cybersecurity_intrusion_data_test2.csv
598,False,cybersecurity_intrusion_data_test2.csv
599,False,cybersecurity_intrusion_data_test2.csv
600,False,cybersecurity_intrusion_data_test2.csv
601,False,cybersecurity_intrusion_data_test2.csv
602,False,cybersecurity_intrusion_data_test2.csv
603,True,cybersecurity_intrusion_data_test2.csv
604,True,cybersecurity_intrusion_data_test2.csv
605,True,cybersecurity_intrusion_data_test2.csv
606,False,cybersecurity_intrusion_data_test2.csv
607,False,cybersecurity_intrusion_data_test2.csv
608,True,cybersecurity_intrusion_data_test2.csv
609,False,cybersecurity_intrusion_data_test2.csv
610,False,cybersecurity_intrusion_data_test2.csv
611,True,cybersecurity_intrusion_data_test2.csv
612,True,cybersecurity_intrusion_data_test2.csv
613,False,cybersecurity_intrusion_data_test2.csv
614,True,cybersecurity_intrusion_data_test2.csv
615,False,cybersecurity_intrusion_data_test2.csv
616,False,cybersecurity_intrusion_data_test2.csv
617,False,cybersecurity_intrusion_data_test2.csv
618,False,cybersecurity_intrusion_data_test2.csv
619,False,cybersecurity_intrusion_data_test2.csv
620,False,cybersecurity_intrusion_data_test2.csv
621,False,cybersecurity_intrusion_data_test2.csv
622,True,cybersecurity_intrusion_data_test2.csv
623,False,cybersecurity_intrusion_data_test2.csv
624,False,cybersecurity_intrusion_data_test2.csv
625,True,cybersecurity_intrusion_data_test2.csv
626,False,cybersecurity_intrusion_data_test2.csv
627,True,cybersecurity_intrusion_data_test2.csv
628,False,cybersecurity_intrusion_data_test2.csv
629,False,cybersecurity_intrusion_data_test2.csv
630,False,cybersecurity_intrusion_data_test2.csv
631,False,cybersecurity_intrusion_data_test2.csv
632,False,cybersecurity_intrusion_data_test2.csv
633,False,cybersecurity_intrusion_data_test2.csv
634,False,cybersecurity_intrusion_data_test2.csv
635,True,cybersecurity_intrusion_data_test2.csv
636,True,cybersecurity_intrusion_data_test2.csv
637,False,cybersecurity_intrusion_data_test2.csv
638,True,cybersecurity_intrusion_data_test2.csv
639,False,cybersecurity_intrusion_data_test2.csv
640,False,cybersecurity_intrusion_data_test2.csv
641,False,cybersecurity_intrusion_data_test2.csv
642,True,cybersecurity_intrusion_data_test2.csv
643,False,cybersecurity_intrusion_data_test2.csv
644,False,cybersecurity_intrusion_data_test2.csv
645,True,cybersecurity_intrusion_data_test2.csv
646,False,cybersecurity_intrusion_data_test2.csv
647,True,cybersecurity_intrusion_data_test2.csv
648,False,cybersecurity_intrusion_data_test2.csv
649,True,cybersecurity_intrusion_data_test2.csv
650,False,cybersecurity_intrusion_data_test2.csv
651,False,cybersecurity_intrusion_data_test2.csv
652,False,cybersecurity_intrusion_data_test2.csv
653,True,cybersecurity_intrusion_data_test2.csv
654,False,cybersecurity_intrusion_data_test2.csv
655,False,cybersecurity_intrusion_data_test2.csv
656,False,cybersecurity_intrusion_data_test2.csv
657,True,cybersecurity_intrusion_data_test2.csv
658,True,cybersecurity_intrusion_data_test2.csv
659,False,cybersecurity_intrusion_data_test2.csv
660,False,cybersecurity_intrusion_data_test2.csv
661,True,cybersecurity_intrusion_data_test2.csv
662,False,cybersecurity_intrusion_data_test2.csv
663,False,cybersecurity_intrusion_data_test2.csv
664,False,cybersecurity_intrusion_data_test2.csv
665,False,cybersecurity_intrusion_data_test2.csv
666,True,cybersecurity_intrusion_data_test2.csv
667,True,cybersecurity_intrusion_data_test2.csv
668,False,cybersecurity_intrusion_data_test2.csv
669,False,cybersecurity_intrusion_data_test2.csv
670,False,cybersecurity_intrusion_data_test2.csv
671,True,cybersecurity_intrusion_data_test2.csv
672,False,cybersecurity_intrusion_data_test2.csv
673,False,cybersecurity_intrusion_data_test2.csv
674,False,cybersecurity_intrusion_data_test2.csv
675,True,cybersecurity_intrusion_data_test2.csv
676,False,cybersecurity_intrusion_data_test2.csv
677,True,cybersecurity_intrusion_data_test2.csv
678,False,cybersecurity_intrusion_data_test2.csv
679,False,cybersecurity_intrusion_data_test2.csv
680,True,cybersecurity_intrusion_data_test2.csv
681,True,cybersecurity_intrusion_data_test2.csv
682,False,cybersecurity_intrusion_data_test2.csv
683,True,cybersecurity_intrusion_data_test2.csv
684,False,cybersecurity_intrusion_data_test2.csv
685,False,cybersecurity_intrusion_data_test2.csv
686,True,cybersecurity_intrusion_data_test2.csv
687,True,cybersecurity_intrusion_data_test2.csv
688,False,cybersecurity_intrusion_data_test2.csv
689,True,cybersecurity_intrusion_data_test2.csv
690,False,cybersecurity_intrusion_data_test2.csv
691,False,cybersecurity_intrusion_data_test2.csv
692,False,cybersecurity_intrusion_data_test2.csv
693,False,cybersecurity_intrusion_data_test2.csv
694,False,cybersecurity_intrusion_data_test2.csv
695,True,cybersecurity_intrusion_data_test2.csv
696,True,cybersecurity_intrusion_data_test2.csv
697,True,cybersecurity_intrusion_data_test2.csv
698,True,cybersecurity_intrusion_data_test2.csv
699,False,cybersecurity_intrusion_data_test2.csv
700,True,cybersecurity_intrusion_data_test2.csv
701,False,cybersecurity_intrusion_data_test2.csv
702,False,cybersecurity_intrusion_data_test2.csv
703,True,cybersecurity_intrusion_data_test2.csv
704,False,cybersecurity_intrusion_data_test2.csv
705,True,cybersecurity_intrusion_data_test2.csv
706,False,cybersecurity_intrusion_data_test2.csv
707,True,cybersecurity_intrusion_data_test2.csv
708,False,cybersecurity_intrusion_data_test2.csv
709,False,cybersecurity_intrusion_data_test2.csv
710,False,cybersecurity_intrusion_data_test2.csv
711,False,cybersecurity_intrusion_data_test2.csv
712,False,cybersecurity_intrusion_data_test2.csv
713,True,cybersecurity_intrusion_data_test2.csv
714,True,cybersecurity_intrusion_data_test2.csv
715,False,cybersecurity_intrusion_data_test2.csv
716,False,cybersecurity_intrusion_data_test2.csv
717,False,cybersecurity_intrusion_data_test2.csv
718,False,cybersecurity_intrusion_data_test2.csv
719,True,cybersecurity_intrusion_data_test2.csv
720,False,cybersecurity_intrusion_data_test2.csv
721,False,cybersecurity_intrusion_data_test2.csv
722,False,cybersecurity_intrusion_data_test2.csv
723,False,cybersecurity_intrusion_data_test2.csv
724,False,cybersecurity_intrusion_data_test2.csv
725,False,cybersecurity_intrusion_data_test2.csv
726,True,cybersecurity_intrusion_data_test2.csv
727,False,cybersecurity_intrusion_data_test2.csv
728,True,cybersecurity_intrusion_data_test2.csv
729,False,cybersecurity_intrusion_data_test2.csv
730,False,cybersecurity_intrusion_data_test2.csv
731,False,cybersecurity_intrusion_data_test2.csv
732,False,cybersecurity_intrusion_data_test2.csv
733,False,cybersecurity_intrusion_data_test2.csv
734,False,cybersecurity_intrusion_data_test2.csv
735,False,cybersecurity_intrusion_data_test2.csv
736,False,cybersecurity_intrusion_data_test2.csv
737,False,cybersecurity_intrusion_data_test2.csv
738,True,cybersecurity_intrusion_data_test2.csv
739,True,cybersecurity_intrusion_data_test2.csv
740,True,cybersecurity_intrusion_data_test2.csv
741,False,cybersecurity_intrusion_data_test2.csv
742,True,cybersecurity_intrusion_data_test2.csv
743,False,cybersecurity_intrusion_data_test2.csv
744,False,cybersecurity_intrusion_data_test2.csv
745,True,cybersecurity_intrusion_data_test2.csv
746,False,cybersecurity_intrusion_data_test2.csv
747,False,cybersecurity_intrusion_data_test2.csv
748,False,cybersecurity_intrusion_data_test2.csv
749,True,cybersecurity_intrusion_data_test2.csv
750,False,cybersecurity_intrusion_data_test2.csv
751,True,cybersecurity_intrusion_data_test2.csv
752,False,cybersecurity_intrusion_data_test2.csv
753,True,cybersecurity_intrusion_data_test2.csv
754,False,cybersecurity_intrusion_data_test2.csv
755,True,cybersecurity_intrusion_data_test2.csv
756,False,cybersecurity_intrusion_data_test2.csv
757,True,cybersecurity_intrusion_data_test2.csv
758,True,cybersecurity_intrusion_data_test2.csv
759,False,cybersecurity_intrusion_data_test2.csv
760,False,cybersecurity_intrusion_data_test2.csv
761,True,cybersecurity_intrusion_data_test2.csv
762,False,cybersecurity_intrusion_data_test2.csv
763,False,cybersecurity_intrusion_data_test2.csv
764,True,cybersecurity_intrusion_data_test2.csv
765,True,cybersecurity_intrusion_data_test2.csv
766,True,cybersecurity_intrusion_data_test2.csv
767,False,cybersecurity_intrusion_data_test2.csv
768,True,cybersecurity_intrusion_data_test2.csv
769,True,cybersecurity_intrusion_data_test2.csv
770,False,cybersecurity_intrusion_data_test2.csv
771,True,cybersecurity_intrusion_data_test2.csv
772,True,cybersecurity_intrusion_data_test2.csv
773,False,cybersecurity_intrusion_data_test2.csv
774,False,cybersecurity_intrusion_data_test2.csv
775,False,cybersecurity_intrusion_data_test2.csv
776,True,cybersecurity_intrusion_data_test2.csv
777,True,cybersecurity_intrusion_data_test2.csv
778,True,cybersecurity_intrusion_data_test2.csv
779,True,cybersecurity_intrusion_data_test2.csv
780,False,cybersecurity_intrusion_data_test2.csv
781,False,cybersecurity_intrusion_data_test2.csv
782,True,cybersecurity_intrusion_data_test2.csv
783,False,cybersecurity_intrusion_data_test2.csv
784,False,cybersecurity_intrusion_data_test2.csv
785,False,cybersecurity_intrusion_data_test2.csv
786,False,cybersecurity_intrusion_data_test2.csv
787,True,cybersecurity_intrusion_data_test2.csv
788,False,cybersecurity_intrusion_data_test2.csv
789,False,cybersecurity_intrusion_data_test2.csv
790,False,cybersecurity_intrusion_data_test2.csv
791,False,cybersecurity_intrusion_data_test2.csv
792,False,cybersecurity_intrusion_data_test2.csv
793,False,cybersecurity_intrusion_data_test2.csv
794,True,cybersecurity_intrusion_data_test2.csv
795,True,cybersecurity_intrusion_data_test2.csv
796,False,cybersecurity_intrusion_data_test2.csv
797,True,cybersecurity_intrusion_data_test2.csv
798,False,cybersecurity_intrusion_data_test2.csv
799,False,cybersecurity_intrusion_data_test2.csv
800,True,cybersecurity_intrusion_data_test2.csv
801,False,cybersecurity_intrusion_data_test2.csv
802,False,cybersecurity_intrusion_data_test2.csv
803,True,cybersecurity_intrusion_data_test2.csv
804,False,cybersecurity_intrusion_data_test2.csv
805,False,cybersecurity_intrusion_data_test2.csv
806,True,cybersecurity_intrusion_data_test2.csv
807,True,cybersecurity_intrusion_data_test2.csv
808,True,cybersecurity_intrusion_data_test2.csv
809,True,cybersecurity_intrusion_data_test2.csv
810,False,cybersecurity_intrusion_data_test2.csv
811,True,cybersecurity_intrusion_data_test2.csv
812,False,cybersecurity_intrusion_data_test2.csv
813,False,cybersecurity_intrusion_data_test2.csv
814,False,cybersecurity_intrusion_data_test2.csv
815,False,cybersecurity_intrusion_data_test2.csv
816,True,cybersecurity_intrusion_data_test2.csv
817,True,cybersecurity_intrusion_data_test2.csv
818,False,cybersecurity_intrusion_data_test2.csv
819,False,cybersecurity_intrusion_data_test2.csv
820,True,cybersecurity_intrusion_data_test2.csv
821,False,cybersecurity_intrusion_data_test2.csv
822,False,cybersecurity_intrusion_data_test2.csv
823,True,cybersecurity_intrusion_data_test2.csv
824,True,cybersecurity_intrusion_data_test2.csv
825,True,cybersecurity_intrusion_data_test2.csv
826,True,cybersecurity_intrusion_data_test2.csv
827,True,cybersecurity_intrusion_data_test2.csv
828,False,cybersecurity_intrusion_data_test2.csv
829,False,cybersecurity_intrusion_data_test2.csv
830,False,cybersecurity_intrusion_data_test2.csv
831,False,cybersecurity_intrusion_data_test2.csv
832,False,cybersecurity_intrusion_data_test2.csv
833,False,cybersecurity_intrusion_data_test2.csv
834,False,cybersecurity_intrusion_data_test2.csv
835,False,cybersecurity_intrusion_data_test2.csv
836,False,cybersecurity_intrusion_data_test2.csv
837,False,cybersecurity_intrusion_data_test2.csv
838,False,cybersecurity_intrusion_data_test2.csv
839,False,cybersecurity_intrusion_data_test2.csv
840,True,cybersecurity_intrusion_data_test2.csv
841,True,cybersecurity_intrusion_data_test2.csv
842,False,cybersecurity_intrusion_data_test2.csv
843,False,cybersecurity_intrusion_data_test2.csv
844,False,cybersecurity_intrusion_data_test2.csv
845,True,cybersecurity_intrusion_data_test2.csv
846,True,cybersecurity_intrusion_data_test2.csv
847,False,cybersecurity_intrusion_data_test2.csv
848,False,cybersecurity_intrusion_data_test2.csv
849,False,cybersecurity_intrusion_data_test2.csv
850,False,cybersecurity_intrusion_data_test2.csv
851,False,cybersecurity_intrusion_data_test2.csv
852,False,cybersecurity_intrusion_data_test2.csv
853,False,cybersecurity_intrusion_data_test2.csv
854,False,cybersecurity_intrusion_data_test2.csv
855,False,cybersecurity_intrusion_data_test2.csv
856,False,cybersecurity_intrusion_data_test2.csv
857,False,cybersecurity_intrusion_data_test2.csv
858,False,cybersecurity_intrusion_data_test2.csv
859,True,cybersecurity_intrusion_data_test2.csv
860,True,cybersecurity_intrusion_data_test2.csv
861,False,cybersecurity_intrusion_data_test2.csv
862,False,cybersecurity_intrusion_data_test2.csv
863,False,cybersecurity_intrusion_data_test2.csv
864,True,cybersecurity_intrusion_data_test2.csv
865,False,cybersecurity_intrusion_data_test2.csv
866,True,cybersecurity_intrusion_data_test2.csv
867,False,cybersecurity_intrusion_data_test2.csv
868,False,cybersecurity_intrusion_data_test2.csv
869,True,cybersecurity_intrusion_data_test2.csv
870,False,cybersecurity_intrusion_data_test2.csv
871,False,cybersecurity_intrusion_data_test2.csv
872,False,cybersecurity_intrusion_data_test2.csv
873,False,cybersecurity_intrusion_data_test2.csv
874,False,cybersecurity_intrusion_data_test2.csv
875,False,cybersecurity_intrusion_data_test2.csv
876,False,cybersecurity_intrusion_data_test2.csv
877,False,cybersecurity_intrusion_data_test2.csv
878,False,cybersecurity_intrusion_data_test2.csv
879,True,cybersecurity_intrusion_data_test2.csv
880,False,cybersecurity_intrusion_data_test2.csv
881,False,cybersecurity_intrusion_data_test2.csv
882,True,cybersecurity_intrusion_data_test2.csv
883,False,cybersecurity_intrusion_data_test2.csv
884,False,cybersecurity_intrusion_data_test2.csv
885,False,cybersecurity_intrusion_data_test2.csv
886,True,cybersecurity_intrusion_data_test2.csv
887,False,cybersecurity_intrusion_data_test2.csv
888,False,cybersecurity_intrusion_data_test2.csv
889,False,cybersecurity_intrusion_data_test2.csv
890,True,cybersecurity_intrusion_data_test2.csv
891,True,cybersecurity_intrusion_data_test2.csv
892,False,cybersecurity_intrusion_data_test2.csv
893,False,cybersecurity_intrusion_data_test2.csv
894,False,cybersecurity_intrusion_data_test2.csv
895,False,cybersecurity_intrusion_data_test2.csv
896,False,cybersecurity_intrusion_data_test2.csv
897,True,cybersecurity_intrusion_data_test2.csv
898,True,cybersecurity_intrusion_data_test2.csv
899,False,cybersecurity_intrusion_data_test2.csv
900,False,cybersecurity_intrusion_data_test2.csv
901,False,cybersecurity_intrusion_data_test2.csv
902,True,cybersecurity_intrusion_data_test2.csv
903,True,cybersecurity_intrusion_data_test2.csv
904,True,cybersecurity_intrusion_data_test2.csv
905,True,cybersecurity_intrusion_data_test2.csv
906,False,cybersecurity_intrusion_data_test2.csv
907,False,cybersecurity_intrusion_data_test2.csv
908,False,cybersecurity_intrusion_data_test2.csv
909,False,cybersecurity_intrusion_data_test2.csv
910,True,cybersecurity_intrusion_data_test2.csv
911,True,cybersecurity_intrusion_data_test2.csv
912,False,cybersecurity_intrusion_data_test2.csv
913,False,cybersecurity_intrusion_data_test2.csv
914,False,cybersecurity_intrusion_data_test2.csv
915,False,cybersecurity_intrusion_data_test2.csv
916,True,cybersecurity_intrusion_data_test2.csv
917,True,cybersecurity_intrusion_data_test2.csv
918,False,cybersecurity_intrusion_data_test2.csv
919,False,cybersecurity_intrusion_data_test2.csv
920,True,cybersecurity_intrusion_data_test2.csv
921,True,cybersecurity_intrusion_data_test2.csv
922,True,cybersecurity_intrusion_data_test2.csv
923,True,cybersecurity_intrusion_data_test2.csv
924,True,cybersecurity_intrusion_data_test2.csv
925,False,cybersecurity_intrusion_data_test2.csv
926,True,cybersecurity_intrusion_data_test2.csv
927,True,cybersecurity_intrusion_data_test2.csv
928,False,cybersecurity_intrusion_data_test2.csv
929,True,cybersecurity_intrusion_data_test2.csv
930,False,cybersecurity_intrusion_data_test2.csv
931,True,cybersecurity_intrusion_data_test2.csv
932,False,cybersecurity_intrusion_data_test2.csv
933,True,cybersecurity_intrusion_data_test2.csv
934,True,cybersecurity_intrusion_data_test2.csv
935,True,cybersecurity_intrusion_data_test2.csv
936,False,cybersecurity_intrusion_data_test2.csv
937,True,cybersecurity_intrusion_data_test2.csv
938,False,cybersecurity_intrusion_data_test2.csv
939,False,cybersecurity_intrusion_data_test2.csv
940,False,cybersecurity_intrusion_data_test2.csv
941,True,cybersecurity_intrusion_data_test2.csv
942,False,cybersecurity_intrusion_data_test2.csv
943,False,cybersecurity_intrusion_data_test2.csv
944,False,cybersecurity_intrusion_data_test2.csv
945,False,cybersecurity_intrusion_data_test2.csv
946,True,cybersecurity_intrusion_data_test2.csv
947,False,cybersecurity_intrusion_data_test2.csv
948,False,cybersecurity_intrusion_data_test2.csv
949,False,cybersecurity_intrusion_data_test2.csv
950,False,cybersecurity_intrusion_data_test2.csv
951,False,cybersecurity_intrusion_data_test2.csv
952,False,cybersecurity_intrusion_data_test2.csv
953,False,cybersecurity_intrusion_data_test2.csv
954,True,cybersecurity_intrusion_data_test2.csv
955,False,cybersecurity_intrusion_data_test2.csv
956,False,cybersecurity_intrusion_data_test2.csv
957,False,cybersecurity_intrusion_data_test2.csv
958,True,cybersecurity_intrusion_data_test2.csv
959,True,cybersecurity_intrusion_data_test2.csv
960,False,cybersecurity_intrusion_data_test2.csv
961,True,cybersecurity_intrusion_data_test2.csv
962,False,cybersecurity_intrusion_data_test2.csv
963,False,cybersecurity_intrusion_data_test2.csv
964,False,cybersecurity_intrusion_data_test2.csv
965,False,cybersecurity_intrusion_data_test2.csv
966,True,cybersecurity_intrusion_data_test2.csv
967,True,cybersecurity_intrusion_data_test2.csv
968,False,cybersecurity_intrusion_data_test2.csv
969,False,cybersecurity_intrusion_data_test2.csv
970,False,cybersecurity_intrusion_data_test2.csv
971,True,cybersecurity_intrusion_data_test2.csv
972,True,cybersecurity_intrusion_data_test2.csv
973,True,cybersecurity_intrusion_data_test2.csv
974,True,cybersecurity_intrusion_data_test2.csv
975,False,cybersecurity_intrusion_data_test2.csv
976,False,cybersecurity_intrusion_data_test2.csv
977,False,cybersecurity_intrusion_data_test2.csv
978,False,cybersecurity_intrusion_data_test2.csv
979,False,cybersecurity_intrusion_data_test2.csv
980,False,cybersecurity_intrusion_data_test2.csv
981,False,cybersecurity_intrusion_data_test2.csv
982,False,cybersecurity_intrusion_data_test2.csv
983,True,cybersecurity_intrusion_data_test2.csv
984,False,cybersecurity_intrusion_data_test2.csv
985,False,cybersecurity_intrusion_data_test2.csv
986,True,cybersecurity_intrusion_data_test2.csv
987,False,cybersecurity_intrusion_data_test2.csv
988,False,cybersecurity_intrusion_data_test2.csv
989,True,cybersecurity_intrusion_data_test2.csv
990,False,cybersecurity_intrusion_data_test2.csv
991,False,cybersecurity_intrusion_data_test2.csv
992,False,cybersecurity_intrusion_data_test2.csv
993,False,cybersecurity_intrusion_data_test2.csv
994,True,cybersecurity_intrusion_data_test2.csv
995,True,cybersecurity_intrusion_data_test2.csv
996,False,cybersecurity_intrusion_data_test2.csv
997,False,cybersecurity_intrusion_data_test2.csv
998,False,cybersecurity_intrusion_data_test2.csv
999,False,cybersecurity_intrusion_data_test2.csv
1000,False,cybersecurity_intrusion_data_test2.csv
1001,False,cybersecurity_intrusion_data_test2.csv
1002,False,cybersecurity_intrusion_data_test2.csv
1003,True,cybersecurity_intrusion_data_test2.csv
1004,True,cybersecurity_intrusion_data_test2.csv
1005,False,cybersecurity_intrusion_data_test2.csv
1006,False,cybersecurity_intrusion_data_test2.csv
1007,False,cybersecurity_intrusion_data_test2.csv
1008,False,cybersecurity_intrusion_data_test2.csv
1009,True,cybersecurity_intrusion_data_test2.csv
1010,False,cybersecurity_intrusion_data_test2.csv
1011,True,cybersecurity_intrusion_data_test2.csv
1012,True,cybersecurity_intrusion_data_test2.csv
1013,False,cybersecurity_intrusion_data_test2.csv
1014,True,cybersecurity_intrusion_data_test2.csv
1015,False,cybersecurity_intrusion_data_test2.csv
1016,False,cybersecurity_intrusion_data_test2.csv
1017,False,cybersecurity_intrusion_data_test2.csv
1018,False,cybersecurity_intrusion_data_test2.csv
1019,False,cybersecurity_intrusion_data_test2.csv
1020,False,cybersecurity_intrusion_data_test2.csv
1021,False,cybersecurity_intrusion_data_test2.csv
1022,False,cybersecurity_intrusion_data_test2.csv
1023,False,cybersecurity_intrusion_data_test2.csv
1024,True,cybersecurity_intrusion_data_test2.csv
1025,True,cybersecurity_intrusion_data_test2.csv
1026,True,cybersecurity_intrusion_data_test2.csv
1027,True,cybersecurity_intrusion_data_test2.csv
1028,False,cybersecurity_intrusion_data_test2.csv
1029,False,cybersecurity_intrusion_data_test2.csv
1030,False,cybersecurity_intrusion_data_test2.csv
1031,False,cybersecurity_intrusion_data_test2.csv
1032,False,cybersecurity_intrusion_data_test2.csv
1033,False,cybersecurity_intrusion_data_test2.csv
1034,True,cybersecurity_intrusion_data_test2.csv
1035,False,cybersecurity_intrusion_data_test2.csv
1036,False,cybersecurity_intrusion_data_test2.csv
1037,False,cybersecurity_intrusion_data_test2.csv
1038,False,cybersecurity_intrusion_data_test2.csv
1039,True,cybersecurity_intrusion_data_test2.csv
1040,False,cybersecurity_intrusion_data_test2.csv
1041,True,cybersecurity_intrusion_data_test2.csv
1042,False,cybersecurity_intrusion_data_test2.csv
1043,False,cybersecurity_intrusion_data_test2.csv
1044,True,cybersecurity_intrusion_data_test2.csv
1045,False,cybersecurity_intrusion_data_test2.csv
1046,False,cybersecurity_intrusion_data_test2.csv
1047,True,cybersecurity_intrusion_data_test2.csv
1048,True,cybersecurity_intrusion_data_test2.csv
1049,True,cybersecurity_intrusion_data_test2.csv
1050,True,cybersecurity_intrusion_data_test2.csv
1051,False,cybersecurity_intrusion_data_test2.csv
1052,False,cybersecurity_intrusion_data_test2.csv
1053,False,cybersecurity_intrusion_data_test2.csv
1054,False,cybersecurity_intrusion_data_test2.csv
1055,True,cybersecurity_intrusion_data_test2.csv
1056,False,cybersecurity_intrusion_data_test2.csv
1057,False,cybersecurity_intrusion_data_test2.csv
1058,False,cybersecurity_intrusion_data_test2.csv
1059,False,cybersecurity_intrusion_data_test2.csv
1060,False,cybersecurity_intrusion_data_test2.csv
1061,False,cybersecurity_intrusion_data_test2.csv
1062,True,cybersecurity_intrusion_data_test2.csv
1063,True,cybersecurity_intrusion_data_test2.csv
1064,True,cybersecurity_intrusion_data_test2.csv
1065,False,cybersecurity_intrusion_data_test2.csv
1066,False,cybersecurity_intrusion_data_test2.csv
1067,False,cybersecurity_intrusion_data_test2.csv
1068,False,cybersecurity_intrusion_data_test2.csv
1069,True,cybersecurity_intrusion_data_test2.csv
1070,True,cybersecurity_intrusion_data_test2.csv
1071,True,cybersecurity_intrusion_data_test2.csv
1072,False,cybersecurity_intrusion_data_test2.csv
1073,False,cybersecurity_intrusion_data_test2.csv
1074,False,cybersecurity_intrusion_data_test2.csv
1075,False,cybersecurity_intrusion_data_test2.csv
1076,False,cybersecurity_intrusion_data_test2.csv
1077,True,cybersecurity_intrusion_data_test2.csv
1078,False,cybersecurity_intrusion_data_test2.csv
1079,True,cybersecurity_intrusion_data_test2.csv
1080,True,cybersecurity_intrusion_data_test2.csv
1081,True,cybersecurity_intrusion_data_test2.csv
1082,True,cybersecurity_intrusion_data_test2.csv
1083,False,cybersecurity_intrusion_data_test2.csv
1084,False,cybersecurity_intrusion_data_test2.csv
1085,True,cybersecurity_intrusion_data_test2.csv
1086,True,cybersecurity_intrusion_data_test2.csv
1087,True,cybersecurity_intrusion_data_test2.csv
1088,True,cybersecurity_intrusion_data_test2.csv
1089,True,cybersecurity_intrusion_data_test2.csv
1090,False,cybersecurity_intrusion_data_test2.csv
1091,True,cybersecurity_intrusion_data_test2.csv
1092,False,cybersecurity_intrusion_data_test2.csv
1093,True,cybersecurity_intrusion_data_test2.csv
1094,True,cybersecurity_intrusion_data_test2.csv
1095,False,cybersecurity_intrusion_data_test2.csv
1096,True,cybersecurity_intrusion_data_test2.csv
1097,True,cybersecurity_intrusion_data_test2.csv
1098,False,cybersecurity_intrusion_data_test2.csv
1099,False,cybersecurity_intrusion_data_test2.csv
1100,False,cybersecurity_intrusion_data_test2.csv
1101,False,cybersecurity_intrusion_data_test2.csv
1102,False,cybersecurity_intrusion_data_test2.csv
1103,False,cybersecurity_intrusion_data_test2.csv
1104,False,cybersecurity_intrusion_data_test2.csv
1105,True,cybersecurity_intrusion_data_test2.csv
1106,True,cybersecurity_intrusion_data_test2.csv
1107,False,cybersecurity_intrusion_data_test2.csv
1108,True,cybersecurity_intrusion_data_test2.csv
1109,True,cybersecurity_intrusion_data_test2.csv
1110,False,cybersecurity_intrusion_data_test2.csv
1111,False,cybersecurity_intrusion_data_test2.csv
1112,False,cybersecurity_intrusion_data_test2.csv
1113,True,cybersecurity_intrusion_data_test2.csv
1114,True,cybersecurity_intrusion_data_test2.csv
1115,False,cybersecurity_intrusion_data_test2.csv
1116,True,cybersecurity_intrusion_data_test2.csv
1117,True,cybersecurity_intrusion_data_test2.csv
1118,False,cybersecurity_intrusion_data_test2.csv
1119,True,cybersecurity_intrusion_data_test2.csv
1120,False,cybersecurity_intrusion_data_test2.csv
1121,False,cybersecurity_intrusion_data_test2.csv
1122,True,cybersecurity_intrusion_data_test2.csv
1123,True,cybersecurity_intrusion_data_test2.csv
1124,False,cybersecurity_intrusion_data_test2.csv
1125,False,cybersecurity_intrusion_data_test2.csv
1126,False,cybersecurity_intrusion_data_test2.csv
1127,False,cybersecurity_intrusion_data_test2.csv
1128,False,cybersecurity_intrusion_data_test2.csv
1129,False,cybersecurity_intrusion_data_test2.csv
1130,True,cybersecurity_intrusion_data_test2.csv
1131,False,cybersecurity_intrusion_data_test2.csv
1132,False,cybersecurity_intrusion_data_test2.csv
1133,False,cybersecurity_intrusion_data_test2.csv
1134,True,cybersecurity_intrusion_data_test2.csv
1135,False,cybersecurity_intrusion_data_test2.csv
1136,False,cybersecurity_intrusion_data_test2.csv
1137,True,cybersecurity_intrusion_data_test2.csv
1138,False,cybersecurity_intrusion_data_test2.csv
1139,True,cybersecurity_intrusion_data_test2.csv
1140,True,cybersecurity_intrusion_data_test2.csv
1141,False,cybersecurity_intrusion_data_test2.csv
1142,False,cybersecurity_intrusion_data_test2.csv
1143,True,cybersecurity_intrusion_data_test2.csv
1144,False,cybersecurity_intrusion_data_test2.csv
1145,False,cybersecurity_intrusion_data_test2.csv
1146,False,cybersecurity_intrusion_data_test2.csv
1147,True,cybersecurity_intrusion_data_test2.csv
1148,True,cybersecurity_intrusion_data_test2.csv
1149,False,cybersecurity_intrusion_data_test2.csv
1150,False,cybersecurity_intrusion_data_test2.csv
1151,True,cybersecurity_intrusion_data_test2.csv
1152,False,cybersecurity_intrusion_data_test2.csv
1153,False,cybersecurity_intrusion_data_test2.csv
1154,False,cybersecurity_intrusion_data_test2.csv
1155,False,cybersecurity_intrusion_data_test2.csv
1156,True,cybersecurity_intrusion_data_test2.csv
1157,False,cybersecurity_intrusion_data_test2.csv
1158,False,cybersecurity_intrusion_data_test2.csv
1159,False,cybersecurity_intrusion_data_test2.csv
1160,False,cybersecurity_intrusion_data_test2.csv
1161,True,cybersecurity_intrusion_data_test2.csv
1162,False,cybersecurity_intrusion_data_test2.csv
1163,True,cybersecurity_intrusion_data_test2.csv
1164,True,cybersecurity_intrusion_data_test2.csv
1165,False,cybersecurity_intrusion_data_test2.csv
1166,False,cybersecurity_intrusion_data_test2.csv
1167,False,cybersecurity_intrusion_data_test2.csv
1168,True,cybersecurity_intrusion_data_test2.csv
1169,False,cybersecurity_intrusion_data_test2.csv
1170,True,cybersecurity_intrusion_data_test2.csv
1171,False,cybersecurity_intrusion_data_test2.csv
1172,True,cybersecurity_intrusion_data_test2.csv
1173,False,cybersecurity_intrusion_data_test2.csv
1174,True,cybersecurity_intrusion_data_test2.csv
1175,False,cybersecurity_intrusion_data_test2.csv
1176,True,cybersecurity_intrusion_data_test2.csv
1177,False,cybersecurity_intrusion_data_test2.csv
1178,False,cybersecurity_intrusion_data_test2.csv
1179,False,cybersecurity_intrusion_data_test2.csv
1180,True,cybersecurity_intrusion_data_test2.csv
1181,False,cybersecurity_intrusion_data_test2.csv
1182,True,cybersecurity_intrusion_data_test2.csv
1183,False,cybersecurity_intrusion_data_test2.csv
1184,True,cybersecurity_intrusion_data_test2.csv
1185,False,cybersecurity_intrusion_data_test2.csv
1186,True,cybersecurity_intrusion_data_test2.csv
1187,True,cybersecurity_intrusion_data_test2.csv
1188,False,cybersecurity_intrusion_data_test2.csv
1189,True,cybersecurity_intrusion_data_test2.csv
1190,False,cybersecurity_intrusion_data_test2.csv
1191,False,cybersecurity_intrusion_data_test2.csv
1192,False,cybersecurity_intrusion_data_test2.csv
1193,False,cybersecurity_intrusion_data_test2.csv
1194,True,cybersecurity_intrusion_data_test2.csv
1195,False,cybersecurity_intrusion_data_test2.csv
1196,True,cybersecurity_intrusion_data_test2.csv
1197,True,cybersecurity_intrusion_data_test2.csv
1198,True,cybersecurity_intrusion_data_test2.csv
1199,True,cybersecurity_intrusion_data_test2.csv
1200,False,cybersecurity_intrusion_data_test2.csv
1201,False,cybersecurity_intrusion_data_test2.csv
1202,False,cybersecurity_intrusion_data_test2.csv
1203,False,cybersecurity_intrusion_data_test2.csv
1204,False,cybersecurity_intrusion_data_test2.csv
1205,False,cybersecurity_intrusion_data_test2.csv
1206,False,cybersecurity_intrusion_data_test2.csv
1207,False,cybersecurity_intrusion_data_test2.csv
1208,True,cybersecurity_intrusion_data_test2.csv
1209,True,cybersecurity_intrusion_data_test2.csv
1210,False,cybersecurity_intrusion_data_test2.csv
1211,False,cybersecurity_intrusion_data_test2.csv
1212,False,cybersecurity_intrusion_data_test2.csv
1213,True,cybersecurity_intrusion_data_test2.csv
1214,False,cybersecurity_intrusion_data_test2.csv
1215,True,cybersecurity_intrusion_data_test2.csv
1216,False,cybersecurity_intrusion_data_test2.csv
1217,False,cybersecurity_intrusion_data_test2.csv
1218,True,cybersecurity_intrusion_data_test2.csv
1219,False,cybersecurity_intrusion_data_test2.csv
1220,False,cybersecurity_intrusion_data_test2.csv
1221,True,cybersecurity_intrusion_data_test2.csv
1222,False,cybersecurity_intrusion_data_test2.csv
1223,False,cybersecurity_intrusion_data_test2.csv
1224,False,cybersecurity_intrusion_data_test2.csv
1225,False,cybersecurity_intrusion_data_test2.csv
1226,True,cybersecurity_intrusion_data_test2.csv
1227,False,cybersecurity_intrusion_data_test2.csv
1228,False,cybersecurity_intrusion_data_test2.csv
1229,False,cybersecurity_intrusion_data_test2.csv
1230,True,cybersecurity_intrusion_data_test2.csv
1231,True,cybersecurity_intrusion_data_test2.csv
1232,False,cybersecurity_intrusion_data_test2.csv
1233,False,cybersecurity_intrusion_data_test2.csv
1234,True,cybersecurity_intrusion_data_test2.csv
1235,False,cybersecurity_intrusion_data_test2.csv
1236,False,cybersecurity_intrusion_data_test2.csv
1237,False,cybersecurity_intrusion_data_test2.csv
1238,False,cybersecurity_intrusion_data_test2.csv
1239,False,cybersecurity_intrusion_data_test2.csv
1240,False,cybersecurity_intrusion_data_test2.csv
1241,False,cybersecurity_intrusion_data_test2.csv
1242,False,cybersecurity_intrusion_data_test2.csv
1243,False,cybersecurity_intrusion_data_test2.csv
1244,False,cybersecurity_intrusion_data_test2.csv
1245,False,cybersecurity_intrusion_data_test2.csv
1246,True,cybersecurity_intrusion_data_test2.csv
1247,True,cybersecurity_intrusion_data_test2.csv
1248,False,cybersecurity_intrusion_data_test2.csv
1249,False,cybersecurity_intrusion_data_test2.csv
1250,False,cybersecurity_intrusion_data_test2.csv
1251,True,cybersecurity_intrusion_data_test2.csv
1252,False,cybersecurity_intrusion_data_test2.csv
1253,True,cybersecurity_intrusion_data_test2.csv
1254,True,cybersecurity_intrusion_data_test2.csv
1255,False,cybersecurity_intrusion_data_test2.csv
1256,True,cybersecurity_intrusion_data_test2.csv
1257,False,cybersecurity_intrusion_data_test2.csv
1258,False,cybersecurity_intrusion_data_test2.csv
1259,True,cybersecurity_intrusion_data_test2.csv
1260,False,cybersecurity_intrusion_data_test2.csv
1261,True,cybersecurity_intrusion_data_test2.csv
1262,False,cybersecurity_intrusion_data_test2.csv
1263,False,cybersecurity_intrusion_data_test2.csv
1264,False,cybersecurity_intrusion_data_test2.csv
1265,False,cybersecurity_intrusion_data_test2.csv
1266,False,cybersecurity_intrusion_data_test2.csv
1267,False,cybersecurity_intrusion_data_test2.csv
1268,False,cybersecurity_intrusion_data_test2.csv
1269,False,cybersecurity_intrusion_data_test2.csv
1270,False,cybersecurity_intrusion_data_test2.csv
1271,True,cybersecurity_intrusion_data_test2.csv
1272,False,cybersecurity_intrusion_data_test2.csv
1273,False,cybersecurity_intrusion_data_test2.csv
1274,False,cybersecurity_intrusion_data_test2.csv
1275,False,cybersecurity_intrusion_data_test2.csv
1276,False,cybersecurity_intrusion_data_test2.csv
1277,False,cybersecurity_intrusion_data_test2.csv
1278,True,cybersecurity_intrusion_data_test2.csv
1279,False,cybersecurity_intrusion_data_test2.csv
1280,False,cybersecurity_intrusion_data_test2.csv
1281,True,cybersecurity_intrusion_data_test2.csv
1282,True,cybersecurity_intrusion_data_test2.csv
1283,False,cybersecurity_intrusion_data_test2.csv
1284,False,cybersecurity_intrusion_data_test2.csv
1285,False,cybersecurity_intrusion_data_test2.csv
1286,False,cybersecurity_intrusion_data_test2.csv
1287,False,cybersecurity_intrusion_data_test2.csv
1288,False,cybersecurity_intrusion_data_test2.csv
1289,True,cybersecurity_intrusion_data_test2.csv
1290,False,cybersecurity_intrusion_data_test2.csv
1291,False,cybersecurity_intrusion_data_test2.csv
1292,False,cybersecurity_intrusion_data_test2.csv
1293,True,cybersecurity_intrusion_data_test2.csv
1294,True,cybersecurity_intrusion_data_test2.csv
1295,False,cybersecurity_intrusion_data_test2.csv
1296,False,cybersecurity_intrusion_data_test2.csv
1297,False,cybersecurity_intrusion_data_test2.csv
1298,False,cybersecurity_intrusion_data_test2.csv
1299,True,cybersecurity_intrusion_data_test2.csv
1300,False,cybersecurity_intrusion_data_test2.csv
1301,False,cybersecurity_intrusion_data_test2.csv
1302,False,cybersecurity_intrusion_data_test2.csv
1303,False,cybersecurity_intrusion_data_test2.csv
1304,False,cybersecurity_intrusion_data_test2.csv
1305,True,cybersecurity_intrusion_data_test2.csv
1306,False,cybersecurity_intrusion_data_test2.csv
1307,False,cybersecurity_intrusion_data_test2.csv
1308,False,cybersecurity_intrusion_data_test2.csv
1309,True,cybersecurity_intrusion_data_test2.csv
1310,False,cybersecurity_intrusion_data_test2.csv
1311,False,cybersecurity_intrusion_data_test2.csv
1312,False,cybersecurity_intrusion_data_test2.csv
1313,False,cybersecurity_intrusion_data_test2.csv
1314,False,cybersecurity_intrusion_data_test2.csv
1315,False,cybersecurity_intrusion_data_test2.csv
1316,False,cybersecurity_intrusion_data_test2.csv
1317,True,cybersecurity_intrusion_data_test2.csv
1318,True,cybersecurity_intrusion_data_test2.csv
1319,True,cybersecurity_intrusion_data_test2.csv
1320,False,cybersecurity_intrusion_data_test2.csv
1321,False,cybersecurity_intrusion_data_test2.csv
1322,False,cybersecurity_intrusion_data_test2.csv
1323,False,cybersecurity_intrusion_data_test2.csv
1324,False,cybersecurity_intrusion_data_test2.csv
1325,True,cybersecurity_intrusion_data_test2.csv
1326,False,cybersecurity_intrusion_data_test2.csv
1327,False,cybersecurity_intrusion_data_test2.csv
1328,False,cybersecurity_intrusion_data_test2.csv
1329,True,cybersecurity_intrusion_data_test2.csv
1330,False,cybersecurity_intrusion_data_test2.csv
1331,False,cybersecurity_intrusion_data_test2.csv
1332,True,cybersecurity_intrusion_data_test2.csv
1333,False,cybersecurity_intrusion_data_test2.csv
1334,False,cybersecurity_intrusion_data_test2.csv
1335,False,cybersecurity_intrusion_data_test2.csv
1336,True,cybersecurity_intrusion_data_test2.csv
1337,False,cybersecurity_intrusion_data_test2.csv
1338,True,cybersecurity_intrusion_data_test2.csv
1339,True,cybersecurity_intrusion_data_test2.csv
1340,False,cybersecurity_intrusion_data_test2.csv
1341,False,cybersecurity_intrusion_data_test2.csv
1342,False,cybersecurity_intrusion_data_test2.csv
1343,False,cybersecurity_intrusion_data_test2.csv
1344,False,cybersecurity_intrusion_data_test2.csv
1345,False,cybersecurity_intrusion_data_test2.csv
1346,True,cybersecurity_intrusion_data_test2.csv
1347,False,cybersecurity_intrusion_data_test2.csv
1348,True,cybersecurity_intrusion_data_test2.csv
1349,True,cybersecurity_intrusion_data_test2.csv
1350,False,cybersecurity_intrusion_data_test2.csv
1351,False,cybersecurity_intrusion_data_test2.csv
1352,False,cybersecurity_intrusion_data_test2.csv
1353,False,cybersecurity_intrusion_data_test2.csv
1354,False,cybersecurity_intrusion_data_test2.csv
1355,False,cybersecurity_intrusion_data_test2.csv
1356,False,cybersecurity_intrusion_data_test2.csv
1357,True,cybersecurity_intrusion_data_test2.csv
1358,False,cybersecurity_intrusion_data_test2.csv
1359,False,cybersecurity_intrusion_data_test2.csv
1360,True,cybersecurity_intrusion_data_test2.csv
1361,True,cybersecurity_intrusion_data_test2.csv
1362,True,cybersecurity_intrusion_data_test2.csv
1363,False,cybersecurity_intrusion_data_test2.csv
1364,False,cybersecurity_intrusion_data_test2.csv
1365,True,cybersecurity_intrusion_data_test2.csv
1366,False,cybersecurity_intrusion_data_test2.csv
1367,True,cybersecurity_intrusion_data_test2.csv
1368,False,cybersecurity_intrusion_data_test2.csv
1369,False,cybersecurity_intrusion_data_test2.csv
1370,True,cybersecurity_intrusion_data_test2.csv
1371,True,cybersecurity_intrusion_data_test2.csv
1372,False,cybersecurity_intrusion_data_test2.csv
1373,False,cybersecurity_intrusion_data_test2.csv
1374,True,cybersecurity_intrusion_data_test2.csv
1375,False,cybersecurity_intrusion_data_test2.csv
1376,False,cybersecurity_intrusion_data_test2.csv
1377,True,cybersecurity_intrusion_data_test2.csv
1378,True,cybersecurity_intrusion_data_test2.csv
1379,False,cybersecurity_intrusion_data_test2.csv
1380,False,cybersecurity_intrusion_data_test2.csv
1381,True,cybersecurity_intrusion_data_test2.csv
1382,True,cybersecurity_intrusion_data_test2.csv
1383,False,cybersecurity_intrusion_data_test2.csv
1384,False,cybersecurity_intrusion_data_test2.csv
1385,True,cybersecurity_intrusion_data_test2.csv
1386,True,cybersecurity_intrusion_data_test2.csv
1387,False,cybersecurity_intrusion_data_test2.csv
1388,True,cybersecurity_intrusion_data_test2.csv
1389,True,cybersecurity_intrusion_data_test2.csv
1390,False,cybersecurity_intrusion_data_test2.csv
1391,False,cybersecurity_intrusion_data_test2.csv
1392,False,cybersecurity_intrusion_data_test2.csv
1393,True,cybersecurity_intrusion_data_test2.csv
1394,False,cybersecurity_intrusion_data_test2.csv
1395,False,cybersecurity_intrusion_data_test2.csv
1396,False,cybersecurity_intrusion_data_test2.csv
1397,False,cybersecurity_intrusion_data_test2.csv
1398,False,cybersecurity_intrusion_data_test2.csv
1399,False,cybersecurity_intrusion_data_test2.csv
1400,False,cybersecurity_intrusion_data_test2.csv
1401,False,cybersecurity_intrusion_data_test2.csv
1402,True,cybersecurity_intrusion_data_test2.csv
1403,True,cybersecurity_intrusion_data_test2.csv
1404,True,cybersecurity_intrusion_data_test2.csv
1405,True,cybersecurity_intrusion_data_test2.csv
1406,False,cybersecurity_intrusion_data_test2.csv
1407,False,cybersecurity_intrusion_data_test2.csv
1408,False,cybersecurity_intrusion_data_test2.csv
1409,False,cybersecurity_intrusion_data_test2.csv
1410,False,cybersecurity_intrusion_data_test2.csv
1411,False,cybersecurity_intrusion_data_test2.csv
1412,False,cybersecurity_intrusion_data_test2.csv
1413,False,cybersecurity_intrusion_data_test2.csv
1414,False,cybersecurity_intrusion_data_test2.csv
1415,True,cybersecurity_intrusion_data_test2.csv
1416,True,cybersecurity_intrusion_data_test2.csv
1417,True,cybersecurity_intrusion_data_test2.csv
1418,True,cybersecurity_intrusion_data_test2.csv
1419,False,cybersecurity_intrusion_data_test2.csv
1420,False,cybersecurity_intrusion_data_test2.csv
1421,True,cybersecurity_intrusion_data_test2.csv
1422,False,cybersecurity_intrusion_data_test2.csv
1423,False,cybersecurity_intrusion_data_test2.csv
1424,True,cybersecurity_intrusion_data_test2.csv
1425,True,cybersecurity_intrusion_data_test2.csv
1426,True,cybersecurity_intrusion_data_test2.csv
1427,False,cybersecurity_intrusion_data_test2.csv
1428,True,cybersecurity_intrusion_data_test2.csv
1429,True,cybersecurity_intrusion_data_test2.csv
1430,True,cybersecurity_intrusion_data_test2.csv
1431,True,cybersecurity_intrusion_data_test2.csv
1432,False,cybersecurity_intrusion_data_test2.csv
1433,True,cybersecurity_intrusion_data_test2.csv
1434,False,cybersecurity_intrusion_data_test2.csv
1435,True,cybersecurity_intrusion_data_test2.csv
1436,True,cybersecurity_intrusion_data_test2.csv
1437,False,cybersecurity_intrusion_data_test2.csv
1438,False,cybersecurity_intrusion_data_test2.csv
1439,True,cybersecurity_intrusion_data_test2.csv
1440,True,cybersecurity_intrusion_data_test2.csv
1441,False,cybersecurity_intrusion_data_test2.csv
1442,False,cybersecurity_intrusion_data_test2.csv
1443,False,cybersecurity_intrusion_data_test2.csv
1444,True,cybersecurity_intrusion_data_test2.csv
1445,True,cybersecurity_intrusion_data_test2.csv
1446,False,cybersecurity_intrusion_data_test2.csv
1447,False,cybersecurity_intrusion_data_test2.csv
1448,True,cybersecurity_intrusion_data_test2.csv
1449,True,cybersecurity_intrusion_data_test2.csv
1450,True,cybersecurity_intrusion_data_test2.csv
1451,False,cybersecurity_intrusion_data_test2.csv
1452,False,cybersecurity_intrusion_data_test2.csv
1453,False,cybersecurity_intrusion_data_test2.csv
1454,False,cybersecurity_intrusion_data_test2.csv
1455,True,cybersecurity_intrusion_data_test2.csv
1456,False,cybersecurity_intrusion_data_test2.csv
1457,False,cybersecurity_intrusion_data_test2.csv
1458,False,cybersecurity_intrusion_data_test2.csv
1459,False,cybersecurity_intrusion_data_test2.csv
1460,True,cybersecurity_intrusion_data_test2.csv
1461,False,cybersecurity_intrusion_data_test2.csv
1462,False,cybersecurity_intrusion_data_test2.csv
1463,False,cybersecurity_intrusion_data_test2.csv
1464,False,cybersecurity_intrusion_data_test2.csv
1465,False,cybersecurity_intrusion_data_test2.csv
1466,False,cybersecurity_intrusion_data_test2.csv
1467,True,cybersecurity_intrusion_data_test2.csv
1468,True,cybersecurity_intrusion_data_test2.csv
1469,False,cybersecurity_intrusion_data_test2.csv
1470,False,cybersecurity_intrusion_data_test2.csv
1471,True,cybersecurity_intrusion_data_test2.csv
1472,True,cybersecurity_intrusion_data_test2.csv
1473,False,cybersecurity_intrusion_data_test2.csv
1474,False,cybersecurity_intrusion_data_test2.csv
1475,False,cybersecurity_intrusion_data_test2.csv
1476,True,cybersecurity_intrusion_data_test2.csv
1477,False,cybersecurity_intrusion_data_test2.csv
1478,True,cybersecurity_intrusion_data_test2.csv
1479,False,cybersecurity_intrusion_data_test2.csv
1480,True,cybersecurity_intrusion_data_test2.csv
1481,False,cybersecurity_intrusion_data_test2.csv
1482,True,cybersecurity_intrusion_data_test2.csv
1483,False,cybersecurity_intrusion_data_test2.csv
1484,False,cybersecurity_intrusion_data_test2.csv
1485,True,cybersecurity_intrusion_data_test2.csv
1486,False,cybersecurity_intrusion_data_test2.csv
1487,False,cybersecurity_intrusion_data_test2.csv
1488,False,cybersecurity_intrusion_data_test2.csv
1489,False,cybersecurity_intrusion_data_test2.csv
1490,False,cybersecurity_intrusion_data_test2.csv
1491,True,cybersecurity_intrusion_data_test2.csv
1492,True,cybersecurity_intrusion_data_test2.csv
1493,False,cybersecurity_intrusion_data_test2.csv
1494,False,cybersecurity_intrusion_data_test2.csv
1495,True,cybersecurity_intrusion_data_test2.csv
1496,False,cybersecurity_intrusion_data_test2.csv
1497,False,cybersecurity_intrusion_data_test2.csv
1498,False,cybersecurity_intrusion_data_test2.csv
1499,False,cybersecurity_intrusion_data_test2.csv
1500,False,cybersecurity_intrusion_data_test2.csv
1501,False,cybersecurity_intrusion_data_test2.csv
1502,True,cybersecurity_intrusion_data_test2.csv
1503,False,cybersecurity_intrusion_data_test2.csv
1504,False,cybersecurity_intrusion_data_test2.csv
1505,False,cybersecurity_intrusion_data_test2.csv
1506,False,cybersecurity_intrusion_data_test2.csv
1507,True,cybersecurity_intrusion_data_test2.csv
1508,False,cybersecurity_intrusion_data_test2.csv
1509,False,cybersecurity_intrusion_data_test2.csv
1510,True,cybersecurity_intrusion_data_test2.csv
1511,False,cybersecurity_intrusion_data_test2.csv
1512,False,cybersecurity_intrusion_data_test2.csv
1513,False,cybersecurity_intrusion_data_test2.csv
1514,False,cybersecurity_intrusion_data_test2.csv
1515,False,cybersecurity_intrusion_data_test2.csv
1516,False,cybersecurity_intrusion_data_test2.csv
1517,False,cybersecurity_intrusion_data_test2.csv
1518,False,cybersecurity_intrusion_data_test2.csv
1519,True,cybersecurity_intrusion_data_test2.csv
1520,False,cybersecurity_intrusion_data_test2.csv
1521,False,cybersecurity_intrusion_data_test2.csv
1522,True,cybersecurity_intrusion_data_test2.csv
1523,False,cybersecurity_intrusion_data_test2.csv
1524,False,cybersecurity_intrusion_data_test2.csv
1525,False,cybersecurity_intrusion_data_test2.csv
1526,False,cybersecurity_intrusion_data_test2.csv
1527,True,cybersecurity_intrusion_data_test2.csv
1528,False,cybersecurity_intrusion_data_test2.csv
1529,False,cybersecurity_intrusion_data_test2.csv
1530,False,cybersecurity_intrusion_data_test2.csv
1531,True,cybersecurity_intrusion_data_test2.csv
1532,True,cybersecurity_intrusion_data_test2.csv
1533,True,cybersecurity_intrusion_data_test2.csv
1534,True,cybersecurity_intrusion_data_test2.csv
1535,False,cybersecurity_intrusion_data_test2.csv
1536,True,cybersecurity_intrusion_data_test2.csv
1537,False,cybersecurity_intrusion_data_test2.csv
1538,False,cybersecurity_intrusion_data_test2.csv
1539,False,cybersecurity_intrusion_data_test2.csv
1540,False,cybersecurity_intrusion_data_test2.csv
1541,False,cybersecurity_intrusion_data_test2.csv
1542,True,cybersecurity_intrusion_data_test2.csv
1543,False,cybersecurity_intrusion_data_test2.csv
1544,False,cybersecurity_intrusion_data_test2.csv
1545,False,cybersecurity_intrusion_data_test2.csv
1546,True,cybersecurity_intrusion_data_test2.csv
1547,True,cybersecurity_intrusion_data_test2.csv
1548,False,cybersecurity_intrusion_data_test2.csv
1549,True,cybersecurity_intrusion_data_test2.csv
1550,True,cybersecurity_intrusion_data_test2.csv
1551,False,cybersecurity_intrusion_data_test2.csv
1552,True,cybersecurity_intrusion_data_test2.csv
1553,False,cybersecurity_intrusion_data_test2.csv
1554,False,cybersecurity_intrusion_data_test2.csv
1555,True,cybersecurity_intrusion_data_test2.csv
1556,True,cybersecurity_intrusion_data_test2.csv
1557,True,cybersecurity_intrusion_data_test2.csv
1558,True,cybersecurity_intrusion_data_test2.csv
1559,False,cybersecurity_intrusion_data_test2.csv
1560,True,cybersecurity_intrusion_data_test2.csv
1561,True,cybersecurity_intrusion_data_test2.csv
1562,False,cybersecurity_intrusion_data_test2.csv
1563,False,cybersecurity_intrusion_data_test2.csv
1564,False,cybersecurity_intrusion_data_test2.csv
1565,True,cybersecurity_intrusion_data_test2.csv
1566,False,cybersecurity_intrusion_data_test2.csv
1567,False,cybersecurity_intrusion_data_test2.csv
1568,True,cybersecurity_intrusion_data_test2.csv
1569,False,cybersecurity_intrusion_data_test2.csv
1570,False,cybersecurity_intrusion_data_test2.csv
1571,False,cybersecurity_intrusion_data_test2.csv
1572,False,cybersecurity_intrusion_data_test2.csv
1573,False,cybersecurity_intrusion_data_test2.csv
1574,True,cybersecurity_intrusion_data_test2.csv
1575,False,cybersecurity_intrusion_data_test2.csv
1576,False,cybersecurity_intrusion_data_test2.csv
1577,False,cybersecurity_intrusion_data_test2.csv
1578,True,cybersecurity_intrusion_data_test2.csv
1579,False,cybersecurity_intrusion_data_test2.csv
1580,True,cybersecurity_intrusion_data_test2.csv
1581,False,cybersecurity_intrusion_data_test2.csv
1582,False,cybersecurity_intrusion_data_test2.csv
1583,True,cybersecurity_intrusion_data_test2.csv
1584,False,cybersecurity_intrusion_data_test2.csv
1585,False,cybersecurity_intrusion_data_test2.csv
1586,False,cybersecurity_intrusion_data_test2.csv
1587,False,cybersecurity_intrusion_data_test2.csv
1588,False,cybersecurity_intrusion_data_test2.csv
1589,False,cybersecurity_intrusion_data_test2.csv
1590,False,cybersecurity_intrusion_data_test2.csv
1591,True,cybersecurity_intrusion_data_test2.csv
1592,False,cybersecurity_intrusion_data_test2.csv
1593,True,cybersecurity_intrusion_data_test2.csv
1594,False,cybersecurity_intrusion_data_test2.csv
1595,False,cybersecurity_intrusion_data_test2.csv
1596,True,cybersecurity_intrusion_data_test2.csv
1597,False,cybersecurity_intrusion_data_test2.csv
1598,False,cybersecurity_intrusion_data_test2.csv
1599,False,cybersecurity_intrusion_data_test2.csv
1600,False,cybersecurity_intrusion_data_test2.csv
1601,False,cybersecurity_intrusion_data_test2.csv
1602,False,cybersecurity_intrusion_data_test2.csv
1603,False,cybersecurity_intrusion_data_test2.csv
1604,False,cybersecurity_intrusion_data_test2.csv
1605,False,cybersecurity_intrusion_data_test2.csv
1606,True,cybersecurity_intrusion_data_test2.csv
1607,False,cybersecurity_intrusion_data_test2.csv
1608,False,cybersecurity_intrusion_data_test2.csv
1609,True,cybersecurity_intrusion_data_test2.csv
1610,True,cybersecurity_intrusion_data_test2.csv
1611,False,cybersecurity_intrusion_data_test2.csv
1612,True,cybersecurity_intrusion_data_test2.csv
1613,True,cybersecurity_intrusion_data_test2.csv
1614,False,cybersecurity_intrusion_data_test2.csv
1615,False,cybersecurity_intrusion_data_test2.csv
1616,True,cybersecurity_intrusion_data_test2.csv
1617,False,cybersecurity_intrusion_data_test2.csv
1618,True,cybersecurity_intrusion_data_test2.csv
1619,False,cybersecurity_intrusion_data_test2.csv
1620,True,cybersecurity_intrusion_data_test2.csv
1621,True,cybersecurity_intrusion_data_test2.csv
1622,False,cybersecurity_intrusion_data_test2.csv
1623,True,cybersecurity_intrusion_data_test2.csv
1624,False,cybersecurity_intrusion_data_test2.csv
1625,False,cybersecurity_intrusion_data_test2.csv
1626,False,cybersecurity_intrusion_data_test2.csv
1627,False,cybersecurity_intrusion_data_test2.csv
1628,False,cybersecurity_intrusion_data_test2.csv
1629,False,cybersecurity_intrusion_data_test2.csv
1630,False,cybersecurity_intrusion_data_test2.csv
1631,False,cybersecurity_intrusion_data_test2.csv
1632,True,cybersecurity_intrusion_data_test2.csv
1633,True,cybersecurity_intrusion_data_test2.csv
1634,True,cybersecurity_intrusion_data_test2.csv
1635,False,cybersecurity_intrusion_data_test2.csv
1636,False,cybersecurity_intrusion_data_test2.csv
1637,True,cybersecurity_intrusion_data_test2.csv
1638,True,cybersecurity_intrusion_data_test2.csv
1639,False,cybersecurity_intrusion_data_test2.csv
1640,False,cybersecurity_intrusion_data_test2.csv
1641,False,cybersecurity_intrusion_data_test2.csv
1642,False,cybersecurity_intrusion_data_test2.csv
1643,False,cybersecurity_intrusion_data_test2.csv
1644,False,cybersecurity_intrusion_data_test2.csv
1645,False,cybersecurity_intrusion_data_test2.csv
1646,True,cybersecurity_intrusion_data_test2.csv
1647,True,cybersecurity_intrusion_data_test2.csv
1648,True,cybersecurity_intrusion_data_test2.csv
1649,True,cybersecurity_intrusion_data_test2.csv
1650,False,cybersecurity_intrusion_data_test2.csv
1651,False,cybersecurity_intrusion_data_test2.csv
1652,True,cybersecurity_intrusion_data_test2.csv
1653,True,cybersecurity_intrusion_data_test2.csv
1654,True,cybersecurity_intrusion_data_test2.csv
1655,False,cybersecurity_intrusion_data_test2.csv
1656,False,cybersecurity_intrusion_data_test2.csv
1657,False,cybersecurity_intrusion_data_test2.csv
1658,False,cybersecurity_intrusion_data_test2.csv
1659,False,cybersecurity_intrusion_data_test2.csv
1660,True,cybersecurity_intrusion_data_test2.csv
1661,True,cybersecurity_intrusion_data_test2.csv
1662,False,cybersecurity_intrusion_data_test2.csv
1663,False,cybersecurity_intrusion_data_test2.csv
1664,False,cybersecurity_intrusion_data_test2.csv
1665,True,cybersecurity_intrusion_data_test2.csv
1666,False,cybersecurity_intrusion_data_test2.csv
1667,True,cybersecurity_intrusion_data_test2.csv
1668,False,cybersecurity_intrusion_data_test2.csv
1669,False,cybersecurity_intrusion_data_test2.csv
1670,False,cybersecurity_intrusion_data_test2.csv
1671,True,cybersecurity_intrusion_data_test2.csv
1672,False,cybersecurity_intrusion_data_test2.csv
1673,True,cybersecurity_intrusion_data_test2.csv
1674,False,cybersecurity_intrusion_data_test2.csv
1675,False,cybersecurity_intrusion_data_test2.csv
1676,False,cybersecurity_intrusion_data_test2.csv
1677,False,cybersecurity_intrusion_data_test2.csv
1678,False,cybersecurity_intrusion_data_test2.csv
1679,False,cybersecurity_intrusion_data_test2.csv
1680,True,cybersecurity_intrusion_data_test2.csv
1681,True,cybersecurity_intrusion_data_test2.csv
1682,True,cybersecurity_intrusion_data_test2.csv
1683,True,cybersecurity_intrusion_data_test2.csv
1684,False,cybersecurity_intrusion_data_test2.csv
1685,False,cybersecurity_intrusion_data_test2.csv
1686,False,cybersecurity_intrusion_data_test2.csv
1687,True,cybersecurity_intrusion_data_test2.csv
1688,False,cybersecurity_intrusion_data_test2.csv
1689,True,cybersecurity_intrusion_data_test2.csv
1690,True,cybersecurity_intrusion_data_test2.csv
1691,True,cybersecurity_intrusion_data_test2.csv
1692,True,cybersecurity_intrusion_data_test2.csv
1693,True,cybersecurity_intrusion_data_test2.csv
1694,False,cybersecurity_intrusion_data_test2.csv
1695,True,cybersecurity_intrusion_data_test2.csv
1696,False,cybersecurity_intrusion_data_test2.csv
1697,False,cybersecurity_intrusion_data_test2.csv
1698,False,cybersecurity_intrusion_data_test2.csv
1699,False,cybersecurity_intrusion_data_test2.csv
1700,False,cybersecurity_intrusion_data_test2.csv
1701,True,cybersecurity_intrusion_data_test2.csv
1702,False,cybersecurity_intrusion_data_test2.csv
1703,False,cybersecurity_intrusion_data_test2.csv
1704,False,cybersecurity_intrusion_data_test2.csv
1705,False,cybersecurity_intrusion_data_test2.csv
1706,False,cybersecurity_intrusion_data_test2.csv
1707,False,cybersecurity_intrusion_data_test2.csv
1708,True,cybersecurity_intrusion_data_test2.csv
1709,True,cybersecurity_intrusion_data_test2.csv
1710,True,cybersecurity_intrusion_data_test2.csv
1711,False,cybersecurity_intrusion_data_test2.csv
1712,False,cybersecurity_intrusion_data_test2.csv
1713,False,cybersecurity_intrusion_data_test2.csv
1714,True,cybersecurity_intrusion_data_test2.csv
1715,False,cybersecurity_intrusion_data_test2.csv
1716,False,cybersecurity_intrusion_data_test2.csv
1717,False,cybersecurity_intrusion_data_test2.csv
1718,False,cybersecurity_intrusion_data_test2.csv
1719,True,cybersecurity_intrusion_data_test2.csv
1720,False,cybersecurity_intrusion_data_test2.csv
1721,True,cybersecurity_intrusion_data_test2.csv
1722,False,cybersecurity_intrusion_data_test2.csv
1723,True,cybersecurity_intrusion_data_test2.csv
1724,True,cybersecurity_intrusion_data_test2.csv
1725,False,cybersecurity_intrusion_data_test2.csv
1726,False,cybersecurity_intrusion_data_test2.csv
1727,False,cybersecurity_intrusion_data_test2.csv
1728,False,cybersecurity_intrusion_data_test2.csv
1729,True,cybersecurity_intrusion_data_test2.csv
1730,True,cybersecurity_intrusion_data_test2.csv
1731,False,cybersecurity_intrusion_data_test2.csv
1732,True,cybersecurity_intrusion_data_test2.csv
1733,False,cybersecurity_intrusion_data_test2.csv
1734,False,cybersecurity_intrusion_data_test2.csv
1735,False,cybersecurity_intrusion_data_test2.csv
1736,False,cybersecurity_intrusion_data_test2.csv
1737,True,cybersecurity_intrusion_data_test2.csv
1738,False,cybersecurity_intrusion_data_test2.csv
1739,False,cybersecurity_intrusion_data_test2.csv
1740,False,cybersecurity_intrusion_data_test2.csv
1741,True,cybersecurity_intrusion_data_test2.csv
1742,True,cybersecurity_intrusion_data_test2.csv
1743,False,cybersecurity_intrusion_data_test2.csv
1744,False,cybersecurity_intrusion_data_test2.csv
1745,False,cybersecurity_intrusion_data_test2.csv
1746,True,cybersecurity_intrusion_data_test2.csv
1747,False,cybersecurity_intrusion_data_test2.csv
1748,True,cybersecurity_intrusion_data_test2.csv
1749,False,cybersecurity_intrusion_data_test2.csv
1750,False,cybersecurity_intrusion_data_test2.csv
1751,True,cybersecurity_intrusion_data_test2.csv
1752,False,cybersecurity_intrusion_data_test2.csv
1753,True,cybersecurity_intrusion_data_test2.csv
1754,False,cybersecurity_intrusion_data_test2.csv
1755,False,cybersecurity_intrusion_data_test2.csv
1756,False,cybersecurity_intrusion_data_test2.csv
1757,False,cybersecurity_intrusion_data_test2.csv
1758,False,cybersecurity_intrusion_data_test2.csv
1759,False,cybersecurity_intrusion_data_test2.csv
1760,False,cybersecurity_intrusion_data_test2.csv
1761,False,cybersecurity_intrusion_data_test2.csv
1762,False,cybersecurity_intrusion_data_test2.csv
1763,False,cybersecurity_intrusion_data_test2.csv
1764,False,cybersecurity_intrusion_data_test2.csv
1765,False,cybersecurity_intrusion_data_test2.csv
1766,False,cybersecurity_intrusion_data_test2.csv
1767,False,cybersecurity_intrusion_data_test2.csv
1768,False,cybersecurity_intrusion_data_test2.csv
1769,True,cybersecurity_intrusion_data_test2.csv
1770,False,cybersecurity_intrusion_data_test2.csv
1771,True,cybersecurity_intrusion_data_test2.csv
1772,True,cybersecurity_intrusion_data_test2.csv
1773,True,cybersecurity_intrusion_data_test2.csv
1774,False,cybersecurity_intrusion_data_test2.csv
1775,False,cybersecurity_intrusion_data_test2.csv
1776,False,cybersecurity_intrusion_data_test2.csv
1777,True,cybersecurity_intrusion_data_test2.csv
1778,False,cybersecurity_intrusion_data_test2.csv
1779,False,cybersecurity_intrusion_data_test2.csv
1780,False,cybersecurity_intrusion_data_test2.csv
1781,False,cybersecurity_intrusion_data_test2.csv
1782,True,cybersecurity_intrusion_data_test2.csv
1783,False,cybersecurity_intrusion_data_test2.csv
1784,False,cybersecurity_intrusion_data_test2.csv
1785,False,cybersecurity_intrusion_data_test2.csv
1786,False,cybersecurity_intrusion_data_test2.csv
1787,False,cybersecurity_intrusion_data_test2.csv
1788,False,cybersecurity_intrusion_data_test2.csv
1789,False,cybersecurity_intrusion_data_test2.csv
1790,True,cybersecurity_intrusion_data_test2.csv
1791,False,cybersecurity_intrusion_data_test2.csv
1792,False,cybersecurity_intrusion_data_test2.csv
1793,False,cybersecurity_intrusion_data_test2.csv
1794,False,cybersecurity_intrusion_data_test2.csv
1795,True,cybersecurity_intrusion_data_test2.csv
1796,False,cybersecurity_intrusion_data_test2.csv
1797,False,cybersecurity_intrusion_data_test2.csv
1798,False,cybersecurity_intrusion_data_test2.csv
1799,False,cybersecurity_intrusion_data_test2.csv
1800,False,cybersecurity_intrusion_data_test2.csv
1801,True,cybersecurity_intrusion_data_test2.csv
1802,False,cybersecurity_intrusion_data_test2.csv
1803,True,cybersecurity_intrusion_data_test2.csv
1804,True,cybersecurity_intrusion_data_test2.csv
1805,True,cybersecurity_intrusion_data_test2.csv
1806,False,cybersecurity_intrusion_data_test2.csv
1807,True,cybersecurity_intrusion_data_test2.csv
1808,True,cybersecurity_intrusion_data_test2.csv
1809,False,cybersecurity_intrusion_data_test2.csv
1810,False,cybersecurity_intrusion_data_test2.csv
1811,True,cybersecurity_intrusion_data_test2.csv
1812,True,cybersecurity_intrusion_data_test2.csv
1813,True,cybersecurity_intrusion_data_test2.csv
1814,True,cybersecurity_intrusion_data_test2.csv
1815,False,cybersecurity_intrusion_data_test2.csv
1816,False,cybersecurity_intrusion_data_test2.csv
1817,False,cybersecurity_intrusion_data_test2.csv
1818,True,cybersecurity_intrusion_data_test2.csv
1819,False,cybersecurity_intrusion_data_test2.csv
1820,False,cybersecurity_intrusion_data_test2.csv
1821,True,cybersecurity_intrusion_data_test2.csv
1822,False,cybersecurity_intrusion_data_test2.csv
1823,False,cybersecurity_intrusion_data_test2.csv
1824,False,cybersecurity_intrusion_data_test2.csv
1825,False,cybersecurity_intrusion_data_test2.csv
1826,False,cybersecurity_intrusion_data_test2.csv
1827,False,cybersecurity_intrusion_data_test2.csv
1828,False,cybersecurity_intrusion_data_test2.csv
1829,False,cybersecurity_intrusion_data_test2.csv
1830,False,cybersecurity_intrusion_data_test2.csv
1831,False,cybersecurity_intrusion_data_test2.csv
1832,True,cybersecurity_intrusion_data_test2.csv
1833,True,cybersecurity_intrusion_data_test2.csv
1834,False,cybersecurity_intrusion_data_test2.csv
1835,False,cybersecurity_intrusion_data_test2.csv
1836,False,cybersecurity_intrusion_data_test2.csv
1837,False,cybersecurity_intrusion_data_test2.csv
1838,False,cybersecurity_intrusion_data_test2.csv
1839,False,cybersecurity_intrusion_data_test2.csv
1840,True,cybersecurity_intrusion_data_test2.csv
1841,False,cybersecurity_intrusion_data_test2.csv
1842,False,cybersecurity_intrusion_data_test2.csv
1843,False,cybersecurity_intrusion_data_test2.csv
1844,True,cybersecurity_intrusion_data_test2.csv
1845,False,cybersecurity_intrusion_data_test2.csv
1846,False,cybersecurity_intrusion_data_test2.csv
1847,True,cybersecurity_intrusion_data_test2.csv
1848,False,cybersecurity_intrusion_data_test2.csv
1849,True,cybersecurity_intrusion_data_test2.csv
1850,False,cybersecurity_intrusion_data_test2.csv
1851,True,cybersecurity_intrusion_data_test2.csv
1852,False,cybersecurity_intrusion_data_test2.csv
1853,False,cybersecurity_intrusion_data_test2.csv
1854,True,cybersecurity_intrusion_data_test2.csv
1855,True,cybersecurity_intrusion_data_test2.csv
1856,True,cybersecurity_intrusion_data_test2.csv
1857,True,cybersecurity_intrusion_data_test2.csv
1858,False,cybersecurity_intrusion_data_test2.csv
1859,False,cybersecurity_intrusion_data_test2.csv
1860,True,cybersecurity_intrusion_data_test2.csv
1861,True,cybersecurity_intrusion_data_test2.csv
1862,False,cybersecurity_intrusion_data_test2.csv
1863,False,cybersecurity_intrusion_data_test2.csv
1864,True,cybersecurity_intrusion_data_test2.csv
1865,True,cybersecurity_intrusion_data_test2.csv
1866,True,cybersecurity_intrusion_data_test2.csv
1867,False,cybersecurity_intrusion_data_test2.csv
1868,False,cybersecurity_intrusion_data_test2.csv
1869,False,cybersecurity_intrusion_data_test2.csv
1870,False,cybersecurity_intrusion_data_test2.csv
1871,False,cybersecurity_intrusion_data_test2.csv
1872,False,cybersecurity_intrusion_data_test2.csv
1873,False,cybersecurity_intrusion_data_test2.csv
1874,True,cybersecurity_intrusion_data_test2.csv
1875,False,cybersecurity_intrusion_data_test2.csv
1876,False,cybersecurity_intrusion_data_test2.csv
1877,False,cybersecurity_intrusion_data_test2.csv
1878,True,cybersecurity_intrusion_data_test2.csv
1879,False,cybersecurity_intrusion_data_test2.csv
1880,True,cybersecurity_intrusion_data_test2.csv
1881,False,cybersecurity_intrusion_data_test2.csv
1882,False,cybersecurity_intrusion_data_test2.csv
1883,True,cybersecurity_intrusion_data_test2.csv
1884,True,cybersecurity_intrusion_data_test2.csv
1885,False,cybersecurity_intrusion_data_test2.csv
1886,False,cybersecurity_intrusion_data_test2.csv
1887,False,cybersecurity_intrusion_data_test2.csv
1888,False,cybersecurity_intrusion_data_test2.csv
1889,False,cybersecurity_intrusion_data_test2.csv
1890,True,cybersecurity_intrusion_data_test2.csv
1891,False,cybersecurity_intrusion_data_test2.csv
1892,True,cybersecurity_intrusion_data_test2.csv
1893,True,cybersecurity_intrusion_data_test2.csv
1894,True,cybersecurity_intrusion_data_test2.csv
1895,True,cybersecurity_intrusion_data_test2.csv
1896,False,cybersecurity_intrusion_data_test2.csv
1897,True,cybersecurity_intrusion_data_test2.csv
1898,True,cybersecurity_intrusion_data_test2.csv
1899,True,cybersecurity_intrusion_data_test2.csv
1900,True,cybersecurity_intrusion_data_test2.csv
1901,False,cybersecurity_intrusion_data_test2.csv
1902,True,cybersecurity_intrusion_data_test2.csv
1903,False,cybersecurity_intrusion_data_test2.csv
1904,True,cybersecurity_intrusion_data_test2.csv
1905,False,cybersecurity_intrusion_data_test2.csv
1906,False,cybersecurity_intrusion_data_test2.csv
1907,False,cybersecurity_intrusion_data_test2.csv
